Deal Type,Announce Date,Amendment Date,Completion/Termination Date,Target Name,Target Ticker,Acquirer Name,Acquirer Ticker,Announced Total Value (mil.),Announced Equity Value (mil.),Payment Type,TV/EBITDA,Deal Status,Acquirer Termination Fee,Cash Terms,Nature of Bid,Stock Terms,deal_id,Exchange Ratio,Clean Target Ticker,Clean Acquirer Ticker,target_market_cap,acquirer_market_cap
M&A,2015-11-23,,2016-04-06,Pfizer Inc,PFE US,Allergan Ltd/Ireland,AGN US,183068.25,164829.25,Stock,10.64,Terminated,3500,,Friendly,.0885 Aqr sh./Tgt sh.,0,0.0885,PFE,AGN,197170115560.0,122590055543.63998
M&A,2019-06-09,,2020-04-03,Raytheon Co,RTN US,RTX Corp,UTX US,90016.87,86200.87,Stock,17.01,Completed,2365,,Friendly,2.3348 Aqr sh./Tgt sh.,2,2.3348,RTN,UTX,52389052490.0,110381862287.08998
M&A,2006-03-05,,2007-01-03,BellSouth LLC,BLS US,AT&T Inc,T US,83105.45,66344.45,Stock,9.66,Completed,1700,,Friendly,1.3250 Aqr sh./Tgt sh.,3,1.325,BLS,T,62024652000.0,104831115200.0
M&A,2014-02-13,,2015-04-24,Time Warner Cable Inc,TWC US,Comcast Corp,CMCSA US,68404.8,43877.8,Stock,8.7,Terminated,,,Friendly,2.8750 Aqr sh./Tgt sh.,4,2.875,TWC,CMCSA,40573400000.0,111136983000.0
M&A,2023-10-11,,2024-05-03,Pioneer Natural Resources Co,PXD US,Exxon Mobil Corp,XOM US,67995.45,62377.45,Stock,5.39,Completed,,,Friendly,2.3234 Aqr sh./Tgt sh.,6,2.3234,PXD,XOM,56037770760.00001,426219958710.0
M&A,2003-10-27,,2004-04-01,FleetBoston Financial Corp,FBF US,Bank of America Corp,BAC US,48099.66,31522.66,Stock,,Completed,,,Friendly,.5553 Aqr sh./Tgt sh.,12,0.5553,FBF,BAC,40828347599.99999,109006474899.99998
M&A,2009-12-14,,2010-06-28,XTO Energy Inc,XTO US,Exxon Mobil Corp,XOM US,41366.82,31005.82,Stock,6.51,Completed,,,Friendly,.7098 Aqr sh./Tgt sh.,14,0.7098,XTO,XOM,27658909080.0,328369634280.00006
M&A,2008-09-15,,2009-01-02,Merrill Lynch & Co Inc,MER US,Bank of America Corp,BAC US,40452.3,40452.3,Stock,2.63,Completed,,,Friendly,.8595 Aqr sh./Tgt sh.,15,0.8595,MER,BAC,33912754220.0,134751339150.0
M&A,2019-01-16,,2019-07-29,First Data Corp,FDC US,Fiserv Inc,FI US,38170.65,21016.65,Stock,12.79,Completed,665,,Friendly,.3030 Aqr sh./Tgt sh.,16,0.303,FDC,FI,12423254830.0,1316582300.0
M&A,2020-10-27,,2022-02-15,Xilinx Inc,XLNX US,Advanced Micro Devices Inc,AMD US,34092.3,35143.01,Stock,37.23,Completed,1500,,Friendly,1.7234 Aqr sh./Tgt sh.,17,1.7234,XLNX,AMD,29355810720.000004,91887196800.00002
M&A,2022-06-13,,2022-10-03,Duke Realty Corp,DRE US,Prologis Inc,PLD US,26315.78,22673.87,Stock,39.67,Completed,,,Friendly,.4750 Aqr sh./Tgt sh.,23,0.475,DRE,PLD,19684096000.0,81917946220.0
M&A,2004-12-20,,2006-09-14,Public Service Enterprise Group Inc,PEG US,Exelon Corp,EXC US,25965.99,12345.99,Stock,9.21,Terminated,400,,Friendly,1.2250 Aqr sh./Tgt sh.,24,1.225,PEG,EXC,12111426400.0,28834132480.0
M&A,2019-05-28,,2019-09-18,Total System Services Inc,TSS US,Global Payments Inc,GPN US,25014.23,21113.04,Stock,19.53,Completed,860,,Friendly,.8101 Aqr sh./Tgt sh.,26,0.8101,TSS,GPN,20977668250.0,23309709499.999996
M&A,2023-08-08,2023-10-02,2024-01-02,DISH Network Corp,DISH US,EchoStar Corp,SATS US,24441.32,1846.24,Stock,7.9,Completed,,,Friendly,.3509 Aqr sh./Tgt sh.,27,0.3509,DISH,SATS,2443156480.0,854146440.0000001
M&A,2024-05-28,,2024-11-22,Marathon Oil Corp,MRO US,ConocoPhillips,COP US,22921.61,17542.61,Stock,5.22,Completed,,,Friendly,.2550 Aqr sh./Tgt sh.,28,0.255,MRO,COP,16554009959.999998,135581022000.0
M&A,2006-11-01,,2007-03-22,Caremark Rx Inc,CMX US,CVS Health Corp,CVS US,21694.79,22521.39,Stock,12.21,Completed,,,Friendly,1.6700 Aqr sh./Tgt sh.,32,1.67,CMX,CVS,20278082500.0,23706210060.0
M&A,2020-07-13,,2021-08-27,Maxim Integrated Products Inc,MXIM US,Analog Devices Inc,ADI US,19762.28,20396.06,Stock,24.48,Completed,830,,Friendly,.6300 Aqr sh./Tgt sh.,33,0.63,MXIM,ADI,18655780224.999996,43477834250.0
M&A,2008-05-21,,2008-08-11,Calpine Corp,CPN US,NRG Energy Inc,NRG US,19568.1,9766.1,Stock,,Terminated,,,Unsolicited,.5340 Aqr sh./Tgt sh.,34,0.534,CPN,NRG,9611079000.0,9504321450.000002
M&A,2017-02-01,,2017-07-03,ONEOK Partners LP,OKS US,ONEOK Inc,OKE US,17377.65,9540.36,Stock,11.54,Completed,300,,Friendly,.9850 Aqr sh./Tgt sh.,37,0.985,OKS,OKE,11399603280.000002,11696602320.0
M&A,2006-12-04,,2007-07-02,Mellon Financial Corp,MEL US,Bank of New York Mellon Corp/The,BK US,16482.94,16482.94,Stock,,Completed,,,Friendly,1.0600 Aqr sh./Tgt sh.,38,1.06,MEL,BK,17570032919.999996,29803016880.0
M&A,2021-04-29,,2021-11-01,VEREIT Inc,VER US,Realty Income Corp,O US,16394.41,10795.78,Stock,19.04,Completed,,,Friendly,.7050 Aqr sh./Tgt sh.,40,0.705,VER,O,10961531360.000002,25827594150.000004
M&A,2021-08-04,,2022-04-29,MGM Growth Properties LLC,MGP US,VICI Properties Inc,VICI US,15516.32,11309.93,Stock,20.88,Completed,709,,Friendly,1.3660 Aqr sh./Tgt sh.,42,1.366,MGP,VICI,6262750380.0,16449688350.0
M&A,2020-02-20,,2020-10-05,E*TRADE Financial Corp,ETFC US,Morgan Stanley,MS US,14507.65,12719.65,Stock,7.89,Completed,525,,Friendly,1.0432 Aqr sh./Tgt sh.,45,1.0432,ETFC,MS,11830415850.0,84846907160.0
M&A,2018-01-03,,2019-01-02,SCANA Corp,SCG US,Dominion Energy Inc,D US,14504.33,7861.33,Stock,27.57,Completed,,,Friendly,.6690 Aqr sh./Tgt sh.,46,0.669,SCG,D,6607399279.999999,49442409900.0
M&A,2008-10-20,2009-07-02,2009-07-21,NRG Energy Inc,NRG US,Exelon Corp,EXC US,14303.95,7543.95,Stock,5.97,Terminated,,,Hostile,.5450 Aqr sh./Tgt sh.,47,0.545,NRG,EXC,5809950700.0,35081808839.99999
M&A,2021-07-18,,2021-09-30,Five9 Inc,FIVN US,Zoom Communications Inc,ZM US,14266.95,14077.41,Stock,652.32,Terminated,,,Friendly,.5533 Aqr sh./Tgt sh.,48,0.5533,FIVN,ZM,12732714080.0,83688607362.75002
M&A,2015-05-13,,2015-09-28,Williams Partners LP,WPZ US,Williams Cos Inc/The,WMB US,14129.35,14129.35,Stock,27.19,Terminated,428,,Friendly,1.1150 Aqr sh./Tgt sh.,49,1.115,WPZ,WMB,33987241350.0,39867194030.0
M&A,2019-06-10,,2019-08-01,Tableau Software Inc,DATA US,Salesforce Inc,CRM US,13981.08,14766.8,Stock,,Completed,,,Friendly,1.1030 Aqr sh./Tgt sh.,51,1.103,DATA,CRM,12448469770.0,116332158202.27
M&A,2005-05-09,,2006-04-03,Cinergy Corp,CIN US,Duke Energy Corp,DUK US,13696.06,8907.0,Stock,11.15,Completed,500,,Friendly,1.5600 Aqr sh./Tgt sh.,52,1.56,CIN,DUK,8142851100.0,26841730980.0
M&A,2020-10-19,,2021-01-19,Concho Resources Inc,CXO US,ConocoPhillips,COP US,13290.68,9653.68,Stock,,Completed,450,,Friendly,1.4600 Aqr sh./Tgt sh.,54,1.46,CXO,COP,9266866770.0,34944200280.0
M&A,2008-06-23,,2008-12-08,Allied Waste Industries LLC,AW US,Republic Services Inc,RSG US,13050.88,6420.88,Stock,7.77,Completed,,,Friendly,.4500 Aqr sh./Tgt sh.,55,0.45,AW,RSG,5695366500.0,5590340140.0
M&A,2024-03-11,,2024-07-22,Equitrans Midstream Corp,ETRN US,EQT Corp,EQT US,12880.88,5524.15,Stock,12.38,Completed,176,,Friendly,.3504 Aqr sh./Tgt sh.,56,0.3504,ETRN,EQT,4939398790.0,15203540040.000002
M&A,2020-07-20,,2020-10-06,Noble Energy Inc,NBL US,Chevron Corp,CVX US,12680.6,5019.6,Stock,,Completed,,,Friendly,.1191 Aqr sh./Tgt sh.,57,0.1191,NBL,CVX,5320888800.000001,170623210810.0
M&A,2019-10-27,,2020-02-04,Liberty Property Trust,LPT US,Prologis Inc,PLD US,12340.51,9277.17,Stock,29.32,Completed,150,,Friendly,.6750 Aqr sh./Tgt sh.,61,0.675,LPT,PLD,9063495000.0,54207669810.0
M&A,2022-08-09,,2022-09-12,Unity Software Inc,U US,AppLovin Corp,APP US,12104.51,12088.16,Stock,,Withdrawn,,,Unsolicited,1.1520 Aqr sh./Tgt sh.,62,1.152,U,APP,16564361170.0,11811851940.0
M&A,2023-04-03,,2023-07-20,Life Storage Inc,LSI US,Extra Space Storage Inc,EXR US,12004.54,12004.54,Stock,18.18,Completed,,,Friendly,.8950 Aqr sh./Tgt sh.,63,0.895,LSI,EXR,11983534560.0,21620547450.0
M&A,2004-02-11,,2004-04-28,Walt Disney Co/The,DIS US,Comcast Corp,CMCSA US,11517.0,,Stock,,Withdrawn,,,Hostile,.7800 Aqr sh./Tgt sh.,65,0.78,DIS,CMCSA,57295504000.0,40807081260.0
M&A,2015-11-08,,2016-02-22,Plum Creek Timber Co Inc,PCL US,Weyerhaeuser Co,WY US,11406.0,8247.0,Stock,25.4,Completed,250,,Friendly,1.6000 Aqr sh./Tgt sh.,66,1.6,PCL,WY,8204336000.0,15062051000.0
M&A,2015-11-03,,2016-02-17,Targa Resources Partners LP,NGLS US,Targa Resources Corp,TRGP US,11378.48,6285.18,Stock,11.2,Completed,,,Friendly,.6200 Aqr sh./Tgt sh.,67,0.62,NGLS,TRGP,5515565920.0,2808884160.0
M&A,2006-05-08,,2006-11-10,Fisher Scientific International LLC,FSH US,Thermo Fisher Scientific Inc,TMO US,11352.79,9617.69,Stock,12.5,Completed,200,,Friendly,2.0000 Aqr sh./Tgt sh.,68,2.0,FSH,TMO,9522585600.0,6286882600.000001
M&A,2020-08-06,,2020-12-21,GCI Liberty Inc,GLIBA US,Liberty Broadband Corp,LBRDA US,10884.16,8143.1,Stock,84.16,Completed,340,,Friendly,.5800 Aqr sh./Tgt sh.,69,0.58,GLIBA,LBRDA,8472796500.0,3786400449.9999995
M&A,2014-08-10,,2014-11-28,Kinder Morgan Management LLC,KMR US,Kinder Morgan Inc,KMI US,10680.7,10680.7,Stock,,Completed,311,,Friendly,2.4849 Aqr sh./Tgt sh.,70,2.4849,KMR,KMI,12391050360.0,40481139510.0
M&A,2018-10-22,,2019-01-28,EnLink Midstream Partners LP,ENLK US,EnLink Midstream LLC,ENLC US,10224.07,6052.17,Stock,10.43,Completed,,,Friendly,1.1500 Aqr sh./Tgt sh.,72,1.15,ENLK,ENLC,6085510020.000001,2688013720.0
M&A,2019-05-08,,2019-07-30,Andeavor Logistics LP,ANDX US,MPLX LP,MPLX US,10178.07,,Stock,10.59,Completed,,,,1.0328 Aqr sh./Tgt sh.,73,1.0328,ANDX,MPLX,8559907859.999999,24388622890.0
M&A,2018-05-17,,2018-08-13,Williams Partners LP,WPZ US,Williams Cos Inc/The,WMB US,9991.7,9991.7,Stock,13.55,Completed,,,Friendly,1.4940 Aqr sh./Tgt sh.,78,1.494,WPZ,WMB,39478920669.99999,23007363400.000004
M&A,2006-10-17,2007-07-06,2007-07-13,CBOT Holdings Inc,BOT US,CME Group Inc,CME US,9591.47,9591.47,Stock,31.87,Completed,240,,Friendly,.3750 Aqr sh./Tgt sh.,81,0.375,BOT,CME,7870517999.999999,17630995500.0
M&A,2010-02-11,,2011-02-28,Allegheny Energy Inc,AYE US,FirstEnergy Corp,FE US,9216.11,4999.31,Stock,7.67,Completed,350,,Friendly,.6670 Aqr sh./Tgt sh.,83,0.667,AYE,FE,3852471360.0,11946483649.999998
M&A,2018-03-28,,2018-07-19,RSP Permian Inc,RSPP US,Concho Resources Inc,CXO US,9204.45,7733.42,Stock,17.46,Completed,350,,Friendly,.3200 Aqr sh./Tgt sh.,84,0.32,RSPP,CXO,7473797120.0,22409843430.000004
M&A,2018-08-14,,2018-11-30,Energen Corp,EGN US,Diamondback Energy Inc,FANG US,9144.68,8316.8,Stock,11.25,Completed,400,,Friendly,.6442 Aqr sh./Tgt sh.,85,0.6442,EGN,FANG,7326736000.0,11607691700.000002
M&A,2023-10-30,,2024-01-23,Spirit Realty Capital Inc,SRC US,Realty Income Corp,O US,9013.75,5369.97,Stock,15.52,Completed,93.68,,Friendly,.7620 Aqr sh./Tgt sh.,86,0.762,SRC,O,5086502690.0,34298950560.000004
M&A,2023-05-22,,2023-08-08,PDC Energy Inc,PDCE US,Chevron Corp,CVX US,7874.41,6503.74,Stock,2.66,Completed,,,Friendly,.4638 Aqr sh./Tgt sh.,92,0.4638,PDCE,CVX,6272344320.0,299061835966.74
M&A,2017-08-10,,2017-11-16,Starwood Waypoint Homes,SFR US,Invitation Homes Inc,INVH US,7811.0,4398.06,Stock,24.89,Completed,,,Friendly,1.6140 Aqr sh./Tgt sh.,93,1.614,SFR,INVH,4443197960.0,6803463840.000001
M&A,2013-05-20,,2013-10-01,Allergan WC Ireland Holdings Ltd,WCRX US,Allergan Ltd/Ireland,AGN US,7809.42,4417.42,Stock,5.76,Completed,,,Friendly,.1600 Aqr sh./Tgt sh.,94,0.16,WCRX,AGN,5169214710.0,29334372600.0
M&A,2020-01-12,,2020-04-06,Hexcel Corp,HXL US,Woodward Inc,WWD US,7493.61,6348.61,Stock,12.87,Terminated,,,Friendly,.6250 Aqr sh./Tgt sh.,96,0.625,HXL,WWD,6740958420.0,7916949385.0
M&A,2011-12-12,,2012-05-15,Vulcan Materials Co,VMC US,Martin Marietta Materials Inc,MLM US,7473.93,4804.87,Stock,18.4,Terminated,,,Hostile,.5000 Aqr sh./Tgt sh.,97,0.5,VMC,MLM,5001317100.000001,3411281050.0000005
M&A,2023-01-23,,2023-05-24,Evoqua Water Technologies Corp,AQUA US,Xylem Inc/NY,XYL US,7379.3,6534.55,Stock,30.11,Completed,,,Friendly,.4800 Aqr sh./Tgt sh.,99,0.48,AQUA,XYL,5887173960.0,18665592540.0
M&A,2020-10-20,,2021-01-13,Parsley Energy Inc,PE US,Pioneer Natural Resources Co,PXD US,7358.29,4143.42,Stock,,Completed,270,,Friendly,.1252 Aqr sh./Tgt sh.,100,0.1252,PE,PXD,3674884780.0000005,12885809440.0
M&A,2021-03-08,,2022-01-03,Athene Holding Ltd,ATH US,Apollo Global Management Inc,APO US,7249.22,7249.22,Stock,,Completed,81.9,,Friendly,1.1490 Aqr sh./Tgt sh.,101,1.149,ATH,APO,9567287020.0,10617083820.0
M&A,2010-10-18,,2012-04-10,NSTAR LLC,NST US,Eversource Energy,ES US,6842.12,4066.64,Stock,7.93,Completed,135,,Friendly,1.3120 Aqr sh./Tgt sh.,102,1.312,NST,ES,4128977820.0,428470680.0
M&A,2011-02-28,,2011-07-05,Nationwide Health Properties Inc,NHP US,Ventas Inc,VTR US,6819.42,5489.18,Stock,18.7,Completed,175,,Friendly,.7866 Aqr sh./Tgt sh.,103,0.7866,NHP,VTR,5158425770.0,8636442209.999998
M&A,2021-02-17,,2021-12-03,Enable Midstream Partners LP,ENBL US,Energy Transfer LP,ET US,6792.52,2496.52,Stock,7.61,Completed,,,Friendly,.8595 Aqr sh./Tgt sh.,104,0.8595,ENBL,ET,2617204750.0,18290514480.0
M&A,2024-01-22,,2024-05-03,NuStar Energy LP,NS US,Sunoco LP,SUN US,6481.94,3001.37,Stock,9.53,Completed,90.3,,Friendly,.4000 Aqr sh./Tgt sh.,107,0.4,NS,SUN,2648851840.0,4697552200.0
M&A,2017-06-09,,2017-09-14,DuPont Fabros Technology Inc,DFT US,Digital Realty Trust Inc,DLR US,6309.53,4960.11,Stock,19.02,Completed,300,,Friendly,.5450 Aqr sh./Tgt sh.,108,0.545,DFT,DLR,,
M&A,2023-08-16,,2023-11-03,Crestwood Equity Partners LP,CEQP US,Energy Transfer LP,ET US,6127.67,2840.57,Stock,10.85,Completed,,,Friendly,2.0700 Aqr sh./Tgt sh.,109,2.07,CEQP,ET,2878861000.0,39948397500.0
M&A,2014-07-13,,2014-12-08,Whiting Canadian Holding Co ULC,KOG US,Whiting Petroleum Corp,WLL US,6038.16,3799.32,Stock,7.81,Completed,130,,Friendly,.1770 Aqr sh./Tgt sh.,112,0.177,KOG,WLL,3973768470.0,10061552220.0
M&A,2020-09-28,,2021-01-07,WPX Energy Inc,WPX US,Devon Energy Corp,DVN US,5951.7,2779.7,Stock,14.07,Completed,75,,Friendly,.5165 Aqr sh./Tgt sh.,115,0.5165,WPX,DVN,2799335110.0000005,3663396000.0
M&A,2009-06-29,,2009-10-27,Enterprise TE Partners LP,TPP US,Enterprise Products Partners LP,EPD US,5892.84,3317.74,Stock,15.21,Completed,,,Friendly,1.2400 Aqr sh./Tgt sh.,116,1.24,TPP,EPD,3128342620.0,11478610060.0
M&A,2016-11-14,,2017-03-02,Equity One Inc,EQY US,Regency Centers Corp,REG US,5892.22,4621.73,Stock,24.14,Completed,240,,Friendly,.4500 Aqr sh./Tgt sh.,117,0.45,EQY,REG,4309505200.0,6991425899.999999
M&A,2021-04-19,,2022-02-01,Sterling Bancorp/DE,STL US,Webster Financial Corp,WBS US,5887.24,5034.13,Stock,,Completed,,,Friendly,.4630 Aqr sh./Tgt sh.,118,0.463,STL,WBS,4405106970.0,4571185950.0
M&A,2006-01-24,,2006-05-08,Pixar,PIXR US,Walt Disney Co/The,DIS US,5838.22,6881.88,Stock,26.92,Completed,,,Friendly,2.3000 Aqr sh./Tgt sh.,120,2.3,PIXR,DIS,6921611940.0,48936612960.0
M&A,2020-11-24,,2021-06-17,FS KKR Capital Corp II,FSKR US,FS KKR Capital Corp,FSK US,5718.13,2564.13,Stock,,Completed,,,Friendly,.9498 Aqr sh./Tgt sh.,121,0.9498,FSKR,FSK,3019720760.0000005,2267209920.0
M&A,2020-12-13,,2021-06-10,TCF Financial Corp,TCF US,Huntington Bancshares Inc/OH,HBAN US,5717.89,5717.89,Stock,,Completed,238.8,,Friendly,3.0028 Aqr sh./Tgt sh.,122,3.0028,TCF,HBAN,5634394650.0,12726560610.0
M&A,2007-02-19,,2008-07-30,XM Satellite Radio Holdings Inc,XMSR US,Sirius XM Holdings Inc,SIRI US,5663.65,4591.67,Stock,,Completed,175,,Friendly,4.6000 Aqr sh./Tgt sh.,124,4.6,XMSR,SIRI,4719420370.0,5623773120.0
M&A,2015-05-06,,2015-10-01,Crestwood Midstream Partners LP,CMLP US,Crestwood Equity Partners LP,CEQP US,5319.63,3227.73,Stock,12.61,Completed,,,Friendly,2.7500 Aqr sh./Tgt sh.,127,2.75,CMLP,CEQP,2840423560.0,1039792500.0
M&A,2008-10-24,,2009-01-02,National City Corp,NCC US,PNC Financial Services Group Inc/The,PNC US,5311.87,5311.87,Stock,,Completed,,,Friendly,.0392 Aqr sh./Tgt sh.,130,0.0392,NCC,PNC,,
M&A,2021-02-22,,2022-04-05,People's United Financial Inc,PBCT US,M&T Bank Corp,MTB US,5245.72,7061.42,Stock,,Completed,,,Friendly,.1180 Aqr sh./Tgt sh.,131,0.118,PBCT,MTB,7970083250.0,20453713540.0
M&A,2014-02-20,,2014-07-31,Emeritus Corp,ESC US,Brookdale Senior Living Inc,BKD US,5232.05,1302.35,Stock,16.2,Completed,143,,Friendly,.9500 Aqr sh./Tgt sh.,132,0.95,ESC,BKD,1384821360.0,3796906750.0
M&A,2015-09-15,,2016-03-01,Sirona Dental Systems Inc,SIRO US,DENTSPLY SIRONA Inc,XRAY US,5038.5,5380.7,Stock,15.58,Completed,280,,Friendly,1.8142 Aqr sh./Tgt sh.,133,1.8142,SIRO,XRAY,5416453290.0,7419610560.0
M&A,2016-08-15,,2016-12-01,Post Properties Inc,PPS US,Mid-America Apartment Communities Inc,MAA US,4894.98,3967.01,Stock,23.97,Completed,245,,Friendly,.7100 Aqr sh./Tgt sh.,134,0.71,PPS,MAA,3526932780.0,7100951340.000001
M&A,2007-02-06,,2007-09-05,Radian Group Inc,RDN US,MGIC Investment Corp,MTG US,4865.48,4865.48,Stock,,Terminated,185,,Friendly,.9658 Aqr sh./Tgt sh.,135,0.9658,RDN,MTG,5242184350.0,5714890280.0
M&A,2021-10-12,,2023-03-02,Umpqua Holdings Corp,UMPQ US,Columbia Banking System Inc,COLB US,4847.91,4847.91,Stock,,Completed,,,Friendly,.5958 Aqr sh./Tgt sh.,136,0.5958,UMPQ,COLB,4351935979.999999,2710402900.0
M&A,2023-10-30,,2024-03-01,Physicians Realty Trust,DOC US,Healthpeak Properties Inc,DOC US,4631.56,2764.92,Stock,14.48,Completed,,,Friendly,.6740 Aqr sh./Tgt sh.,139,0.674,DOC,DOC,2589968820.0,2589968820.0
M&A,2005-08-01,2006-03-07,2006-08-23,Shurgard Storage Centers LLC,SHU US,Public Storage,PSA US,4623.75,2979.51,Stock,24.81,Completed,,,Hostile,.8200 Aqr sh./Tgt sh.,140,0.82,SHU,PSA,2460945750.0,8381370359.999999
M&A,2023-07-13,,2023-11-02,Denbury Inc,DEN US,Exxon Mobil Corp,XOM US,4522.62,4435.93,Stock,7.72,Completed,,,Friendly,.8400 Aqr sh./Tgt sh.,141,0.84,DEN,XOM,4166454990.0,408098905900.0
M&A,2004-07-26,,2005-02-27,KP Pharmaceuticals LLC,KG US,Mylan NV,MYL US,4485.42,4294.3,Stock,,Terminated,,,Friendly,.9000 Aqr sh./Tgt sh.,142,0.9,KG,MYL,2889354510.0000005,3961260000.0
M&A,2024-01-04,,2024-04-01,Callon Petroleum Co,CPE US,APA Corp,APA US,4454.48,2509.32,Stock,2.04,Completed,170,,Friendly,1.0425 Aqr sh./Tgt sh.,143,1.0425,CPE,APA,2380222880.0,10424799840.000002
M&A,2007-02-05,,2007-07-03,Investors Financial Services Corp,IFIN US,State Street Corp,STT US,4417.01,4417.01,Stock,,Completed,,,Friendly,.9060 Aqr sh./Tgt sh.,144,0.906,IFIN,STT,4025805860.0,22637552750.0
M&A,2009-11-02,,2010-03-15,Black & Decker Corp/The,BDK US,Stanley Black & Decker Inc,SWK US,4396.0,3495.3,Stock,11.11,Completed,125,,Friendly,1.2750 Aqr sh./Tgt sh.,145,1.275,BDK,SWK,3730354000.0,3943149949.9999995
M&A,2008-01-11,,2008-07-01,Countrywide Financial Corp,CFC US,Bank of America Corp,BAC US,4334.97,4334.97,Stock,0.37,Completed,,,Friendly,.1822 Aqr sh./Tgt sh.,146,0.1822,CFC,BAC,,
M&A,2016-05-16,,2016-09-19,Range Resources-Louisiana Inc,MRD US,Range Resources Corp,RRC US,4287.41,3173.92,Stock,,Completed,300,,Friendly,.3750 Aqr sh./Tgt sh.,148,0.375,MRD,RRC,2973662010.0000005,6667622880.0
M&A,2009-04-01,,2009-10-02,Metavante Technologies Inc,MV US,Fidelity National Information Services Inc,FIS US,4284.97,2816.87,Stock,8.79,Completed,,,Friendly,1.3500 Aqr sh./Tgt sh.,149,1.35,MV,FIS,2770145920.0,3379301699.9999995
M&A,2014-12-03,,2016-07-18,Hawaiian Electric Industries Inc,HE US,NextEra Energy Inc,NEE US,4264.82,2564.82,Stock,8.22,Terminated,90,,Friendly,.2413 Aqr sh./Tgt sh.,151,0.2413,HE,NEE,3304547639.9999995,45171522180.0
M&A,2021-04-21,,2021-07-14,Welbilt Inc,WBT US,Middleby Corp/The,MIDD US,4221.15,2889.95,Stock,26.9,Terminated,,,Friendly,.1240 Aqr sh./Tgt sh.,152,0.124,WBT,MIDD,3078949239.9999995,9965199920.0
M&A,2019-04-16,,2019-07-29,Liberty Expedia Holdings Inc,LEXEA US,Expedia Group Inc,EXPE US,4203.45,2525.45,Stock,3.27,Completed,,,Unsolicited to Friendly,.3600 Aqr sh./Tgt sh.,154,0.36,LEXEA,EXPE,2434925960.0,16967781160.0
M&A,2013-01-29,,2013-05-02,Copano Energy LLC,CPNO US,Kinder Morgan Energy Partners LP,KMP US,4151.13,3111.9,Stock,27.47,Completed,75,,Friendly,.4563 Aqr sh./Tgt sh.,155,0.4563,CPNO,KMP,3004179850.0,22092701310.0
M&A,2003-12-15,,2004-10-01,Enterprise GTM Holdings LP,GTM US,Enterprise Products Partners LP,EPD US,4147.75,2315.92,Stock,11.45,Completed,,,Friendly,1.8100 Aqr sh./Tgt sh.,156,1.81,GTM,EPD,2367122160.0,5050666800.000001
M&A,2019-01-28,,2019-04-12,Versum Materials Inc,VSM US,Entegris Inc,ENTG US,4111.57,3531.37,Stock,9.49,Terminated,155,,Friendly,1.1200 Aqr sh./Tgt sh.,157,1.12,VSM,ENTG,4062239760.0,4544351340.0
M&A,2013-06-03,,2013-10-02,Colonial Properties Trust,CLP US,Mid-America Apartment Communities Inc,MAA US,4041.7,2291.58,Stock,20.06,Completed,75,,Friendly,.3600 Aqr sh./Tgt sh.,159,0.36,CLP,MAA,2114687940.0,2866286070.0000005
M&A,2017-05-08,,2017-08-17,Care Capital Properties Inc,CCP US,Sabra Health Care REIT Inc,SBRA US,4034.62,2635.92,Stock,13.64,Completed,15,,Friendly,1.1230 Aqr sh./Tgt sh.,160,1.123,CCP,SBRA,2238251500.0,1567247560.0
M&A,2021-10-28,,2022-02-28,Momentive Global Inc,MNTV US,Zendesk Inc,ZEN US,4027.59,4017.09,Stock,,Terminated,,,Friendly,.2250 Aqr sh./Tgt sh.,161,0.225,MNTV,ZEN,3410473080.0,12218036000.0
M&A,2004-03-17,,2004-08-03,Apogent Technologies Inc,AOT US,Fisher Scientific International LLC,FSH US,3711.67,2763.13,Stock,11.86,Completed,,,Friendly,.5600 Aqr sh./Tgt sh.,166,0.56,AOT,FSH,2548325100.0,3277437300.0000005
M&A,2023-02-09,,2023-09-05,NuVasive Inc,NUVA US,Globus Medical Inc,GMED US,3707.52,2938.46,Stock,18.31,Completed,,,Friendly,.7500 Aqr sh./Tgt sh.,167,0.75,NUVA,GMED,2324251199.9999995,4666395360.0
M&A,2019-11-04,,2020-07-02,IBERIABANK Corp,IBKC US,First Horizon Corp,FHN US,3705.07,3705.07,Stock,,Completed,156,,Friendly,4.5840 Aqr sh./Tgt sh.,168,4.584,IBKC,FHN,4087279400.0000005,5377190400.0
M&A,2023-05-03,,2023-06-26,Amedisys Inc,AMED US,Option Care Health Inc,OPCH US,3568.18,3132.18,Stock,14.18,Terminated,106,,Friendly,3.0213 Aqr sh./Tgt sh.,172,3.0213,AMED,OPCH,2620022730.0,4943510000.0
M&A,2019-05-08,,2019-07-30,Andeavor Logistics LP,ANDX US,MPLX LP,MPLX US,3288.99,3288.99,Stock,7.26,Completed,,,Friendly,1.1350 Aqr sh./Tgt sh.,180,1.135,ANDX,MPLX,8559907859.999999,24388622890.0
M&A,2020-01-27,,2020-06-08,CenterState Bank Corp,CSFL US,SouthState Corp,SSB US,3259.14,3259.14,Stock,,Completed,120,,Friendly,.3001 Aqr sh./Tgt sh.,181,0.3001,CSFL,SSB,2901533320.0,2592452500.0
M&A,2023-05-23,,2023-09-13,Necessity Retail REIT Inc/The,RTL US,Global Net Lease Inc,GNL US,3159.23,969.97,Stock,19.52,Completed,40,,Friendly,.6700 Aqr sh./Tgt sh.,184,0.67,RTL,GNL,795752630.0,972559149.9999999
M&A,2020-03-02,,2020-07-02,Mobile Mini Inc,MINI US,WillScot Holdings Corp,WSC US,3008.21,2024.07,Stock,12.21,Completed,66.6,,Friendly,2.4050 Aqr sh./Tgt sh.,189,2.405,MINI,WSC,1769276200.0000002,1820214000.0
M&A,2019-12-09,,2020-05-26,Texas Capital Bancshares Inc,TCBI US,Independent Bank Group Inc,IBTX US,2971.15,2971.15,Stock,,Terminated,115,,Friendly,1.0311 Aqr sh./Tgt sh.,190,1.0311,TCBI,IBTX,3112857060.0,2573254320.0
M&A,2021-07-19,,2021-10-22,Retail Properties of America Inc,RPAI US,Kite Realty Group Trust,KRG US,2892.16,2892.16,Stock,10.47,Completed,,,Friendly,.6230 Aqr sh./Tgt sh.,191,0.623,RPAI,KRG,2583237989.9999995,1664354500.0
M&A,2020-07-07,,2020-10-08,Vivint Solar Inc,VSLR US,Sunrun Inc,RUN US,2865.31,1355.18,Stock,,Completed,107,,Friendly,.5500 Aqr sh./Tgt sh.,193,0.55,VSLR,RUN,1919918000.0,3457618890.0
M&A,2023-08-21,,2023-11-01,Earthstone Energy Inc,ESTE US,Permian Resources Corp,PR US,2809.78,1831.06,Stock,2.21,Completed,175,,Friendly,1.4460 Aqr sh./Tgt sh.,197,1.446,ESTE,PR,2052807339.9999998,4220874410.0
M&A,2008-04-14,,2008-10-30,Northwest Airlines LLC,NWA US,Delta Air Lines Inc,DAL US,2754.82,2754.82,Stock,,Completed,165,,Friendly,1.2500 Aqr sh./Tgt sh.,198,1.25,NWA,DAL,2430469560.0,2676707720.0
M&A,2020-08-27,,2021-01-05,BMC Stock Holdings Inc,BMCH US,Builders FirstSource Inc,BLDR US,2698.16,2449.69,Stock,10.03,Completed,,,Friendly,1.3125 Aqr sh./Tgt sh.,200,1.3125,BMCH,BLDR,2766555000.0,3695952340.0000005
M&A,2018-07-24,,2019-01-02,FCB Financial Holdings Inc,FCB US,Synovus Financial Corp,SNV US,2692.62,2692.62,Stock,,Completed,93.5,,Friendly,1.0550 Aqr sh./Tgt sh.,201,1.055,FCB,SNV,2431260000.0,5935559200.0
M&A,2014-01-28,,2014-07-02,Texas Industries Inc,TXI US,Martin Marietta Materials Inc,MLM US,2623.25,2046.35,Stock,30.99,Completed,140,,Friendly,.7000 Aqr sh./Tgt sh.,204,0.7,TXI,MLM,2130810109.9999998,4994892000.0
M&A,2007-05-01,,2007-09-04,MAF Bancorp Inc,MAFB US,National City Corp,NCC US,2542.09,2542.09,Stock,,Completed,,,Friendly,1.9939 Aqr sh./Tgt sh.,206,1.9939,MAFB,NCC,1789416200.0000002,23512648940.0
M&A,2017-07-21,2017-08-14,2017-10-31,Western Refining Logistics LP,WNRL US,Andeavor Logistics LP,ANDX US,2539.22,2235.6,Stock,18.67,Completed,,,Friendly,.5233 Aqr sh./Tgt sh.,207,0.5233,WNRL,ANDX,,
M&A,2018-09-24,,2019-02-01,Pandora Media LLC,P US,Sirius XM Holdings Inc,SIRI US,2532.55,,Stock,,Completed,,,Friendly,1.44 Aqr sh./Tgt sh.,209,1.44,P,SIRI,2399534190.0,28140418349.999996
M&A,2021-06-01,,2022-02-16,First Midwest Bancorp Inc/IL,FMBI US,Old National Bancorp/IN,ONB US,2494.86,2494.86,Stock,,Completed,97,,Friendly,1.1336 Aqr sh./Tgt sh.,211,1.1336,FMBI,ONB,2369021199.9999995,3066662760.0000005
M&A,2013-12-16,,2014-05-01,KKR Financial Holdings LLC,KFN US,KKR & Co Inc,KKR US,2465.47,2465.47,Stock,4.93,Completed,,,Friendly,.5100 Aqr sh./Tgt sh.,212,0.51,KFN,KKR,2527528160.0,7143064970.0
M&A,2017-04-24,,2017-09-01,FelCor Lodging Trust Inc,FCH US,RLJ Lodging Trust,RLJ US,2451.56,1160.55,Stock,14.79,Completed,95,,Friendly,.3620 Aqr sh./Tgt sh.,213,0.362,FCH,RLJ,1122777390.0000002,2839816320.0
M&A,2011-04-11,,2011-10-05,Global Crossing Ltd,GLBC US,Level 3 Communications Inc,LVLT US,2451.4,1362.4,Stock,6.43,Completed,70,,Friendly,16.0000 Aqr sh./Tgt sh.,214,16.0,GLBC,LVLT,1487543400.0,2840670000.0
M&A,2019-07-15,2019-11-14,2019-12-23,Carrizo Oil & Gas Inc,CRZO US,Callon Petroleum Co,CPE US,2421.16,673.03,Stock,3.43,Completed,57,,Friendly,1.7500 Aqr sh./Tgt sh.,215,1.75,CRZO,CPE,1035668070.0,1305941490.0
M&A,2018-09-10,,2019-01-14,Engility Holdings Inc,EGL US,Science Applications International Corp,SAIC US,2376.99,,Stock,14.31,Completed,100,,Friendly,0.45 Aqr sh./Tgt sh.,216,0.45,EGL,SAIC,1317909200.0,3407909050.0000005
M&A,2009-03-03,,2009-09-28,Magellan Midstream Holdings LP,MGG US,Magellan Midstream Partners LP,MMP US,2354.82,1309.26,Stock,5.37,Completed,,,Friendly,.6325 Aqr sh./Tgt sh.,217,0.6325,MGG,MMP,1036807850.0000001,1841235000.0
M&A,2019-10-14,,2020-01-10,Jagged Peak Energy Inc,JAG US,Parsley Energy Inc,PE US,2326.4,1650.6,Stock,6.08,Completed,189.035,,Friendly,.4470 Aqr sh./Tgt sh.,218,0.447,JAG,PE,1474621640.0000002,4393858710.0
M&A,2018-04-26,,2018-07-23,RM Partners LP,RMP US,EQM Midstream Partners LP,EQM US,2298.99,2023.53,Stock,9.37,Completed,,,Friendly,.3319 Aqr sh./Tgt sh.,219,0.3319,RMP,EQM,1892605500.0,4570611040.0
M&A,2004-03-29,,2004-12-01,Millennium Chemicals Inc,MCH US,Lyondell Chemical Co,LYO US,2254.41,996.41,Stock,11.87,Completed,,,Friendly,.9500 Aqr sh./Tgt sh.,224,0.95,MCH,LYO,947654900.0,2643055350.0
M&A,2019-03-25,,2019-06-17,Tier REIT Inc,TIER US,Cousins Properties Inc,CUZ US,2246.84,1562.83,Stock,35.01,Completed,,,Friendly,2.9800 Aqr sh./Tgt sh.,225,2.98,TIER,CUZ,1507801050.0,3985069680.0
M&A,2021-06-28,,2021-09-21,New Senior Investment Group Inc,SNR US,Ventas Inc,VTR US,2216.64,754.77,Stock,20.8,Completed,,,Friendly,.1561 Aqr sh./Tgt sh.,229,0.1561,SNR,VTR,740968799.9999999,21709409669.999996
M&A,2019-12-03,,2020-03-13,AK Steel Holding Corp,AKS US,Cleveland-Cliffs Inc,CLF US,2211.6,,Stock,3.87,Completed,30,,Friendly,.4000 Aqr sh./Tgt sh.,230,0.4,AKS,CLF,996719850.0,2144451080.0
M&A,2014-10-31,,2015-04-02,Aviv REIT Inc,AVIV US,Omega Healthcare Investors Inc,OHI US,2205.56,1588.55,Stock,15.58,Completed,,,Friendly,.9000 Aqr sh./Tgt sh.,231,0.9,AVIV,OHI,,
M&A,2020-12-21,,2021-03-17,QEP Resources Inc,QEP US,Diamondback Energy Inc,FANG US,2183.83,544.93,Stock,3.71,Completed,,,Friendly,.0500 Aqr sh./Tgt sh.,233,0.05,QEP,FANG,525619569.99999994,6958710649.999999
M&A,2017-03-07,,2017-10-02,Astoria Financial Corp,AF US,Sterling Bancorp/DE,STL US,2164.59,2164.59,Stock,,Completed,75.7,,Friendly,.8750 Aqr sh./Tgt sh.,234,0.875,AF,STL,2157168679.9999995,3348924800.0
M&A,2017-05-11,,2018-02-28,Straight Path Communications Inc,STRP US,Verizon Communications Inc,VZ US,2152.07,2159.9,Stock,,Completed,85,,Friendly,3.7969 Aqr sh./Tgt sh.,236,3.7969,STRP,VZ,2102435562.99,186998274960.0
M&A,2023-06-15,,2023-09-01,NexTier Oilfield Solutions Inc,NEX US,Patterson-UTI Energy Inc,PTEN US,2106.35,1876.43,Stock,3.72,Completed,,,Friendly,.7520 Aqr sh./Tgt sh.,237,0.752,NEX,PTEN,2037602320.0,2438572370.0
M&A,2017-01-22,,2017-06-16,BNC Bancorp,BNCN US,Pinnacle Financial Partners Inc,PNFP US,2037.88,2037.88,Stock,,Completed,66,,Friendly,.5235 Aqr sh./Tgt sh.,238,0.5235,BNCN,PNFP,1741136800.0,2978565750.0
M&A,2020-10-16,,2022-01-04,CIT Group Inc,CIT US,First Citizens BancShares Inc/NC,FCNCA US,2031.57,2031.57,Stock,3.23,Completed,,,Friendly,.0620 Aqr sh./Tgt sh.,239,0.062,CIT,FCNCA,,
M&A,2021-09-16,,2022-02-01,Great Western Bancorp Inc,GWB US,First Interstate BancSystem Inc,FIBK US,2021.07,2021.07,Stock,,Completed,105,,Friendly,.8425 Aqr sh./Tgt sh.,241,0.8425,GWB,FIBK,1740012120.0,1616271540.0
M&A,2023-08-28,,2024-01-02,RPT Realty,RPT US,Kimco Realty Corp,KIM US,1891.76,1031.16,Stock,9.46,Completed,,,Friendly,.6049 Aqr sh./Tgt sh.,246,0.6049,RPT,KIM,978684940.0,11684794550.0
M&A,2021-10-26,,2022-02-02,Oasis Midstream Partners LP,OMP US,Crestwood Equity Partners LP,CEQP US,1879.65,1234.77,Stock,8.13,Completed,,,Friendly,.8700 Aqr sh./Tgt sh.,247,0.87,OMP,CEQP,1206946960.0,1838625460.0
M&A,2020-02-27,,2020-06-17,EQM Midstream Partners LP,EQM US,Equitrans Midstream Corp,ETRN US,1845.02,1845.02,Stock,9.25,Completed,,,Friendly,2.4400 Aqr sh./Tgt sh.,248,2.44,EQM,ETRN,3479950880.0,1797412460.0
M&A,2018-10-15,,2019-02-01,SendGrid Inc,SEND US,Twilio Inc,TWLO US,1834.78,2001.52,Stock,490.71,Completed,,,Friendly,.4850 Aqr sh./Tgt sh.,251,0.485,SEND,TWLO,1691270020.0,5834983440.0
M&A,2018-10-03,,2019-01-04,Hortonworks Inc,HDP US,Cloudera Inc,CLDR US,1826.47,,Stock,,Completed,95,,Friendly,1.305 Aqr sh./Tgt sh.,253,1.305,HDP,CLDR,2032941600.0,2878721700.0
M&A,2019-08-26,,2020-01-15,SRC Energy Inc,SRCI US,PDC Energy Inc,PDCE US,1739.33,1052.76,Stock,2.97,Completed,55,,Friendly,.1580 Aqr sh./Tgt sh.,256,0.158,SRCI,PDCE,1144323100.0,1871054220.0
M&A,2022-09-27,,2024-05-16,Lakeland Bancorp Inc,LBAI US,Provident Financial Services Inc,PFS US,1686.02,1252.62,Stock,,Completed,,,Friendly,.8319 Aqr sh./Tgt sh.,258,0.8319,LBAI,PFS,1058864679.9999999,1506292770.0
M&A,2018-02-23,,2018-06-01,Alliance Holdings GP LP,AHGP US,Alliance Resource Partners LP,ARLP US,1681.04,1115.64,Stock,3.7,Completed,,,Friendly,1.4780 Aqr sh./Tgt sh.,259,1.478,AHGP,ARLP,,
M&A,2014-12-01,,2015-03-13,Spansion Inc,CODE US,Cypress Semiconductor Corp,CY US,1641.17,1558.37,Stock,21.29,Completed,60,,Friendly,2.4570 Aqr sh./Tgt sh.,260,2.457,CODE,CY,1728796580.0,1921968880.0
M&A,2014-02-24,,2015-01-02,Qorvo US Inc,TQNT US,RF Micro Devices Inc,RFMD US,1483.88,1562.9,Stock,22.54,Completed,66.7,,Friendly,1.6750 Aqr sh./Tgt sh.,267,1.675,TQNT,RFMD,1883274500.0,1881689760.0
M&A,2015-03-09,,2015-07-23,RTI International Metals Inc,RTI US,Alcoa Corp,AA US,1468.34,1342.13,Stock,12.75,Completed,,,Friendly,2.8315 Aqr sh./Tgt sh.,269,2.8315,RTI,AA,1152036900.0000002,16500348000.0
M&A,2007-05-04,,2007-10-01,Greater Bay Bancorp,GBBK US,Wells Fargo & Co,WFC US,1438.97,1438.97,Stock,,Completed,,,Friendly,.7867 Aqr sh./Tgt sh.,272,0.7867,GBBK,WFC,,
M&A,2016-12-05,,2017-07-05,FairPoint Communications LLC,FRP US,Consolidated Communications Holdings Inc,CNSL US,1418.38,543.7,Stock,2.99,Completed,18.9,,Friendly,.7300 Aqr sh./Tgt sh.,273,0.73,FRP,CNSL,515759700.0,1378322550.0
M&A,2004-10-25,,2005-04-04,Cornerstone Realty Income Trust Inc,TCR US,Colonial Properties Trust,CLP US,1398.11,597.75,Stock,15.32,Completed,,,Friendly,.2581 Aqr sh./Tgt sh.,274,0.2581,TCR,CLP,573730530.0,1097762100.0
M&A,2016-07-21,,2017-03-13,Yadkin Financial Corp,YDKN US,FNB Corp/PA,FNB US,1372.8,1372.8,Stock,,Completed,,,Friendly,2.1600 Aqr sh./Tgt sh.,277,2.16,YDKN,FNB,1291336000.0,2544922520.0
M&A,2015-12-03,,2016-03-01,American Residential Properties Inc,ARPI US,American Homes 4 Rent,AMH US,1363.46,604.83,Stock,29.21,Completed,22.5,,Friendly,1.1350 Aqr sh./Tgt sh.,279,1.135,ARPI,AMH,581086440.0,3340138200.0
M&A,2017-10-23,,2018-02-21,Deltic Timber Corp,DEL US,PotlatchDeltic Corp,PCH US,1360.95,1124.92,Stock,28.73,Completed,66,,Friendly,1.8000 Aqr sh./Tgt sh.,280,1.8,DEL,PCH,1119985300.0,2081313750.0
M&A,2004-03-29,,2004-08-16,Tularik Inc,TLRK US,Amgen Inc,AMGN US,1343.52,1515.47,Stock,,Completed,,,Friendly,.4510 Aqr sh./Tgt sh.,281,0.451,TLRK,AMGN,1641696000.0,76314630600.00002
M&A,2013-10-22,,2014-01-02,PAA Natural Gas Storage LP,PNG US,Plains All American Pipeline LP,PAA US,1304.53,759.8,Stock,16.53,Completed,,,Friendly,.4450 Aqr sh./Tgt sh.,284,0.445,PNG,PAA,1420444810.0,17919137500.0
M&A,2022-05-16,,2022-08-25,Rattler Midstream LP,RTLR US,Diamondback Energy Inc,FANG US,1281.66,571.9,Stock,5.61,Completed,,,Friendly,.1130 Aqr sh./Tgt sh.,286,0.113,RTLR,FANG,561890580.0,23331454849.999996
M&A,2021-09-15,,2022-03-30,GreenSky Inc,GSKY US,Goldman Sachs Group Inc/The,GS US,1277.74,962.6,Stock,9.26,Completed,,,Friendly,.0300 Aqr sh./Tgt sh.,287,0.03,GSKY,GS,924254980.0,134776786762.38
M&A,2004-08-02,,2005-01-03,First National Bankshares of Florida Inc,FLB US,Fifth Third Bancorp,FITB US,1270.52,645.82,Stock,,Completed,,,Friendly,.5065 Aqr sh./Tgt sh.,288,0.5065,FLB,FITB,1155142800.0,27367278900.000004
M&A,2023-07-03,,2023-10-20,Rithm Property Trust Inc,RPT US,Ellington Financial Inc,EFC US,1201.3,167.67,Stock,,Terminated,,,Friendly,.5308 Aqr sh./Tgt sh.,291,0.5308,RPT,EFC,,
M&A,2021-04-22,,2021-11-15,Meridian Bancorp Inc,EBSB US,Independent Bank Corp,INDB US,1200.12,1200.12,Stock,,Completed,,,Friendly,.2750 Aqr sh./Tgt sh.,292,0.275,EBSB,INDB,1149287520.0,2689225750.0
M&A,2006-07-11,,2006-12-01,Harbor Florida Bancshares Inc,HARB US,National City Corp,NCC US,1131.6,1066.53,Stock,,Completed,,,Friendly,1.2206 Aqr sh./Tgt sh.,296,1.2206,HARB,NCC,1060415649.9999999,21460882310.0
M&A,2011-03-21,,2011-09-02,OptionsXpress Holdings Inc,OXPS US,Charles Schwab Corp/The,SCHW US,1091.37,1070.53,Stock,12.23,Completed,,,Friendly,1.0200 Aqr sh./Tgt sh.,298,1.02,OXPS,SCHW,1028281420.0,21406956060.0
M&A,2011-02-23,2011-04-29,2011-09-08,Duncan Energy Partners LP,DEP US,Enterprise Products Partners LP,EPD US,1056.65,1056.65,Stock,9.3,Completed,,,Unsolicited to Friendly,1.0100 Aqr sh./Tgt sh.,300,1.01,DEP,EPD,2326639900.0,36446760000.0
M&A,2021-03-31,,2021-07-16,Diamond S Shipping Inc,DSSI US,International Seaways Inc,INSW US,1042.71,438.37,Stock,11.28,Completed,30,,Friendly,.5537 Aqr sh./Tgt sh.,303,0.5537,DSSI,INSW,415318800.0,534526199.99999994
M&A,2020-02-03,,2020-06-02,Opus Bank,OPB US,Pacific Premier Bancorp Inc,PPBI US,1020.38,1020.38,Stock,,Completed,,,Friendly,.9000 Aqr sh./Tgt sh.,305,0.9,OPB,PPBI,973581180.0,1776254100.0
M&A,2016-09-30,,2016-12-09,Cheniere Energy Partners LP Holdings LLC,CQH US,Cheniere Energy Inc,LNG US,1019.87,1019.87,Stock,,Terminated,,,Friendly,.5049 Aqr sh./Tgt sh.,306,0.5049,CQH,LNG,,
M&A,2011-01-18,,2011-07-29,Sterling Bancshares Inc/TX,SBIB US,Comerica Inc,CMA US,1017.22,1247.12,Stock,,Completed,,,Friendly,.2365 Aqr sh./Tgt sh.,307,0.2365,SBIB,CMA,899498880.0,6733169800.0
M&A,2019-11-18,,2020-05-04,Carolina Financial Corp,CARO US,United Bankshares Inc/WV,UBSI US,1003.02,1003.02,Stock,,Completed,,,Friendly,1.1300 Aqr sh./Tgt sh.,309,1.13,CARO,UBSI,942520649.9999999,3869918060.0
M&A,2006-07-23,,2007-01-03,Newkirk Realty Trust Inc,NKT US,LXP Industrial Trust,LXP US,996.92,326.93,Stock,,Completed,,,Friendly,.8000 Aqr sh./Tgt sh.,310,0.8,NKT,LXP,310968750.0,1068014399.9999999
M&A,2017-07-25,,2018-04-02,MainSource Financial Group Inc,MSFG US,First Financial Bancorp,FFBC US,988.96,988.96,Stock,,Completed,,,Friendly,1.3875 Aqr sh./Tgt sh.,311,1.3875,MSFG,FFBC,895927280.0,1597023700.0
M&A,2018-05-22,,2019-01-02,Guaranty Bancorp,GBNK US,Independent Bank Group Inc,IBTX US,985.51,985.51,Stock,,Completed,,,Friendly,.4500 Aqr sh./Tgt sh.,312,0.45,GBNK,IBTX,969830000.0,2106621000.0
M&A,2017-11-16,,2018-04-02,Almost Family Inc,AFAM US,LHC Group Inc,LHCG US,985.23,871.24,Stock,26.23,Completed,30,,Friendly,.9150 Aqr sh./Tgt sh.,313,0.915,AFAM,LHCG,863735250.0,1236642000.0
M&A,2018-07-24,,2019-01-02,Green Bancorp Inc,GNBC US,Veritex Holdings Inc,VBTX US,946.97,946.97,Stock,,Completed,40,,Friendly,.7900 Aqr sh./Tgt sh.,317,0.79,GNBC,VBTX,913580500.0,750820050.0
M&A,2023-07-25,,2023-12-01,PacWest Bancorp,PACW US,Banc of California Inc,BANC US,942.09,942.09,Stock,,Completed,,,Friendly,.6569 Aqr sh./Tgt sh.,318,0.6569,PACW,BANC,1172849440.0,847222450.0000001
M&A,2004-02-26,,2004-12-22,Ilex Oncology Inc,ILXO US,Genzyme Corp,GENZ US,913.59,1014.15,Stock,,Completed,,,Friendly,.4682 Aqr sh./Tgt sh.,319,0.4682,ILXO,GENZ,976175000.0,11336972650.0
M&A,2012-08-13,,2013-02-05,Comverse Technology Inc,CMVT US,Verint Systems Inc,VRNT US,905.02,798.22,Stock,,Completed,,,Friendly,.1298 Aqr sh./Tgt sh.,320,0.1298,CMVT,VRNT,1284687800.0,1089752800.0
M&A,2021-05-18,,2021-10-01,Altabancorp,ALTA US,Glacier Bancorp Inc,GBCI US,900.57,900.57,Stock,,Completed,,,Friendly,.7971 Aqr sh./Tgt sh.,321,0.7971,ALTA,GBCI,884058160.0,5673952050.0
M&A,2016-08-18,,2017-04-24,Cardinal Financial Corp,CFNL US,United Bankshares Inc/WV,UBSI US,898.36,898.36,Stock,,Completed,,,Friendly,.7100 Aqr sh./Tgt sh.,322,0.71,CFNL,UBSI,855943830.0000001,2956669800.0000005
M&A,2012-09-13,,2013-04-15,Citizens Republic Bancorp Inc,CRBC US,FirstMerit Corp,FMER US,894.32,894.32,Stock,,Completed,37.5,,Friendly,1.3700 Aqr sh./Tgt sh.,323,1.37,CRBC,FMER,811335180.0,1668751240.0
M&A,2022-05-31,,2022-09-15,CatchMark Timber Trust Inc,CTT US,PotlatchDeltic Corp,PCH US,886.12,612.51,Stock,24.32,Completed,9.69212,,Friendly,.2300 Aqr sh./Tgt sh.,325,0.23,CTT,PCH,575216640.0,3601100519.9999995
M&A,2021-03-10,,2022-01-03,Bryn Mawr Bank Corp,BMTC US,WSFS Financial Corp,WSFS US,880.15,880.15,Stock,,Completed,,,Friendly,.9000 Aqr sh./Tgt sh.,326,0.9,BMTC,WSFS,952654000.0,2478764050.0
M&A,2020-08-12,,2020-11-13,Montage Resources Corp,MR US,Southwestern Energy Co,SWN US,868.53,181.75,Stock,4.65,Completed,,,Friendly,1.8656 Aqr sh./Tgt sh.,327,1.8656,MR,SWN,192326550.00000003,1581731880.0
M&A,2023-02-27,,2023-05-31,Broadmark Realty Capital Inc,BRMK US,Ready Capital Corp,RC US,864.85,820.7,Stock,9.78,Completed,23.639,,Friendly,.4723 Aqr sh./Tgt sh.,328,0.4723,BRMK,RC,671925000.0,1246842320.0
M&A,2023-12-19,,2024-04-02,CSI Compressco LP,CCLP US,Kodiak Gas Services Inc,KGS US,842.51,222.17,Stock,7.45,Completed,20,,Friendly,.0860 Aqr sh./Tgt sh.,329,0.086,CCLP,KGS,234291750.0,1510074000.0000002
M&A,2018-11-26,,2019-04-01,National Commerce Corp,NCOM US,CenterState Bank Corp,CSFL US,835.91,835.91,Stock,,Completed,31.8,,Friendly,1.6500 Aqr sh./Tgt sh.,331,1.65,NCOM,CSFL,838865890.0,2371634510.0
M&A,2006-03-08,2006-06-05,2006-06-22,Lexar Media Inc,LEXR US,Micron Technology Inc,MU US,832.69,828.13,Stock,,Completed,,,Friendly,.5625 Aqr sh./Tgt sh.,332,0.5625,LEXR,MU,718036000.0,8985019560.0
M&A,2023-05-18,,2023-08-18,Urstadt Biddle Properties Inc,UBA US,Regency Centers Corp,REG US,814.31,814.31,Stock,9.71,Completed,,,Friendly,.3470 Aqr sh./Tgt sh.,334,0.347,UBA,REG,573566400.0,9853519770.0
M&A,2008-01-29,,2008-03-25,CNX Gas LLC,CXG US,CNX Resources Corp,CNX US,813.87,813.87,Stock,16.16,Terminated,,,Unsolicited,.4425 Aqr sh./Tgt sh.,335,0.4425,CXG,CNX,5123394500.0,12826417740.0
M&A,2015-09-29,,2016-02-01,Rentrak Corp,RENT US,comScore Inc,SCOR US,800.92,879.87,Stock,146.74,Completed,57,,Friendly,1.1500 Aqr sh./Tgt sh.,337,1.15,RENT,SCOR,830352990.0,1797680950.0
M&A,2014-07-10,,2014-08-15,TransMontaigne Partners LLC,TLP US,NGL Energy Partners LP,NGL US,798.2,565.67,Stock,13.54,Terminated,,,Friendly,1.0000 Aqr sh./Tgt sh.,338,1.0,TLP,NGL,709983750.0,3610553400.0
M&A,2016-10-17,2017-01-03,2017-07-03,Alon USA Energy Inc,ALJ US,Delek US Holdings Inc,DK US,792.06,445.64,Stock,27.23,Completed,20,,Friendly,.5040 Aqr sh./Tgt sh.,339,0.504,ALJ,DK,586284310.0,1065845760.0
M&A,2015-03-02,,2015-10-08,Square 1 Financial Inc,SQBK US,PacWest Bancorp,PACW US,789.04,789.04,Stock,,Completed,,,Friendly,.5997 Aqr sh./Tgt sh.,340,0.5997,SQBK,PACW,672702560.0,4580358120.0
M&A,2019-06-24,,2019-11-01,NRC Group Holdings Corp,NRCG US,US Ecology Inc,ECOL US,771.32,435.69,Stock,,Completed,60,,Friendly,.1960 Aqr sh./Tgt sh.,342,0.196,NRCG,ECOL,405194940.0,1275693270.0
M&A,2007-12-13,,2008-02-28,MoneyGram International Inc,MGI US,Euronet Worldwide Inc,EEFT US,759.09,1627.38,Stock,3.23,Terminated,,,Unsolicited,.6179 Aqr sh./Tgt sh.,343,0.6179,MGI,EEFT,1304169660.0,1405799460.0
M&A,2019-06-26,,2019-12-02,Oritani Financial Corp,ORIT US,Valley National Bancorp,VLY US,748.23,748.23,Stock,,Completed,1.8,,Friendly,1.6000 Aqr sh./Tgt sh.,345,1.6,ORIT,VLY,783542539.9999999,3480036520.0
M&A,2017-10-30,,2018-08-01,Capella Education Co,CPLA US,Strategic Education Inc,STRA US,732.98,912.52,Stock,8.57,Completed,25,,Friendly,.8750 Aqr sh./Tgt sh.,346,0.875,CPLA,STRA,946774800.0,1046682910.0
M&A,2014-11-12,,2015-02-17,Enterprise Terminaling Services LP,OILT US,Enterprise Products Partners LP,EPD US,731.96,731.96,Stock,12.3,Completed,,,Friendly,1.3000 Aqr sh./Tgt sh.,348,1.3,OILT,EPD,2125645740.0000002,69990525640.0
M&A,2019-07-15,,2019-11-01,United Financial Bancorp Inc,UBNK US,People's United Financial Inc,PBCT US,730.1,730.1,Stock,,Completed,,,Friendly,.8750 Aqr sh./Tgt sh.,350,0.875,UBNK,PBCT,717884750.0,6420314000.0
M&A,2023-08-08,,2023-10-02,EchoStar Corp,SATS US,DISH Network Corp,DISH US,726.33,754.98,Stock,1.08,Terminated,,,Friendly,2.8500 Aqr sh./Tgt sh.,351,2.85,SATS,DISH,854146440.0000001,2443156480.0
M&A,2003-12-16,,2004-05-17,Trust Co of New Jersey/The,TCNJ US,North Fork Bancorporation Inc,NFB US,720.3,406.54,Stock,,Completed,,,Friendly,1.0000 Aqr sh./Tgt sh.,352,1.0,TCNJ,NFB,704157860.0000001,5868228370.0
M&A,2014-01-28,,2014-06-23,Tortoise Energy Capital Corp,TYY US,Tortoise Energy Infrastructure Corp,TYG US,689.9,689.9,Stock,,Completed,,,Friendly,.7495 Aqr sh./Tgt sh.,355,0.7495,TYY,TYG,626757360.0,1193956920.0000002
M&A,2013-07-22,,2013-11-20,Nash Finch Co,NAFC US,SpartanNash Co,SPTN US,688.08,291.77,Stock,10.68,Completed,12,,Friendly,1.2000 Aqr sh./Tgt sh.,356,1.2,NAFC,SPTN,301249360.0,450619679.99999994
M&A,2006-08-08,,2007-01-30,McDATA Corp,MCDTA US,Brocade Communications Systems LLC,BRCD US,676.04,715.16,Stock,9.07,Completed,60,,Friendly,.7500 Aqr sh./Tgt sh.,357,0.75,MCDTA,BRCD,416861510.0,1388863980.0
M&A,2009-02-10,,2010-01-27,Ticketmaster Entertainment Inc,TKTM US,Live Nation Entertainment Inc,LYV US,670.01,453.69,Stock,2.86,Completed,,,Friendly,1.4744 Aqr sh./Tgt sh.,359,1.4744,TKTM,LYV,287218290.0,311986080.0
M&A,2014-07-30,,2015-04-01,Journal Communications Inc,JRN US,EW Scripps Co/The,SSP US,658.59,502.43,Stock,8.08,Completed,15.8,,Friendly,.5176 Aqr sh./Tgt sh.,361,0.5176,JRN,SSP,489088640.0,957627280.0
M&A,2017-04-27,,2017-12-01,Park Sterling Corp,PSTB US,SouthState Corp,SSB US,657.29,657.29,Stock,,Completed,25,,Friendly,.1400 Aqr sh./Tgt sh.,362,0.14,PSTB,SSB,653289900.0,2576712650.0000005
M&A,2017-01-10,,2017-11-02,Pacific Continental Corp,PCBK US,Columbia Banking System Inc,COLB US,649.08,649.08,Stock,,Completed,,,Friendly,.6430 Aqr sh./Tgt sh.,363,0.643,PCBK,COLB,601479200.0000001,2470847940.0
M&A,2022-11-13,,2024-03-01,Luther Burbank Corp,LBC US,WaFd Inc,WAFD US,646.2,646.2,Stock,,Completed,,,Friendly,.3353 Aqr sh./Tgt sh.,364,0.3353,LBC,WAFD,601663500.0,2338814000.0
M&A,2013-05-07,2013-08-12,2013-12-18,Pioneer Southwest Energy Partners LP,PSE US,Pioneer Natural Resources Co,PXD US,642.04,642.04,Stock,12.6,Completed,,,Unsolicited,.2325 Aqr sh./Tgt sh.,365,0.2325,PSE,PXD,1149990800.0,18872375456.87
M&A,2004-06-16,,2004-10-01,Exult Inc,EXLT US,Aon Hewitt LLC,HEW US,636.65,705.63,Stock,21.24,Completed,,,Friendly,.2000 Aqr sh./Tgt sh.,367,0.2,EXLT,HEW,622391679.9999999,908546650.0
M&A,2005-12-15,,2006-06-02,Main Street Banks Inc,MSBK US,Truist Financial Corp,TFC US,621.46,621.46,Stock,,Completed,,,Friendly,.6602 Aqr sh./Tgt sh.,372,0.6602,MSBK,TFC,603961360.0,103052140.0
M&A,2018-01-02,,2018-04-27,Archrock Partners LP,APLP US,Archrock Inc,AROC US,584.85,584.85,Stock,4.38,Completed,,,Friendly,1.4000 Aqr sh./Tgt sh.,375,1.4,APLP,AROC,959592990.0,703058400.0
M&A,2018-06-19,,2018-09-20,Cheniere Energy Partners LP Holdings LLC,CQH US,Cheniere Energy Inc,LNG US,575.13,575.13,Stock,,Completed,,,Friendly,.4750 Aqr sh./Tgt sh.,376,0.475,CQH,LNG,7379645000.0,16420250700.000002
M&A,2023-05-25,,2023-09-28,Desktop Metal Inc,DM US,Stratasys Ltd,SSYS US,569.88,583.23,Stock,,Terminated,,,Friendly,.1230 Aqr sh./Tgt sh.,378,0.123,DM,SSYS,557924500.0,949287680.0
M&A,2004-01-27,,2006-03-01,Unizan Financial Corp,UNIZ US,Huntington Bancshares Inc/OH,HBAN US,559.02,198.7,Stock,,Completed,,,Friendly,1.1400 Aqr sh./Tgt sh.,380,1.14,UNIZ,HBAN,544026470.0,5086267680.000001
M&A,2018-06-28,,2018-12-13,Keryx Biopharmaceuticals Inc,KERX US,Akebia Therapeutics Inc,AKBA US,537.71,472.8,Stock,,Completed,22,,Friendly,.3743 Aqr sh./Tgt sh.,386,0.3743,KERX,AKBA,452828079.99999994,568001720.0
M&A,2021-11-19,,2022-04-11,Spirit of Texas Bancshares Inc,STXB US,Simmons First National Corp,SFNC US,526.06,537.07,Stock,6.86,Completed,,,Friendly,1.0017 Aqr sh./Tgt sh.,387,1.0017,STXB,SFNC,,
M&A,2023-09-19,,2024-07-16,Cambridge Bancorp,CATC US,Eastern Bankshares Inc,EBC US,521.51,521.51,Stock,,Completed,21,,Friendly,4.9560 Aqr sh./Tgt sh.,388,4.956,CATC,EBC,482529000.0,2229405280.0000005
M&A,2019-08-12,,2019-10-14,Eidos Therapeutics Inc,EIDX US,Bridgebio Pharma Inc,BBIO US,517.97,517.97,Stock,,Withdrawn,,,Unsolicited,1.5000 Aqr sh./Tgt sh.,391,1.5,EIDX,BBIO,1394215200.0,3124390560.0
M&A,2014-11-05,,2015-07-01,Hudson Valley Holding Corp,HVB US,Sterling Bancorp/DE,STL US,511.18,511.18,Stock,,Completed,20,,Friendly,1.9200 Aqr sh./Tgt sh.,393,1.92,HVB,STL,509217800.0,1137340800.0
M&A,2019-07-23,,2019-11-25,Old Line Bancshares Inc,OLBK US,WesBanco Inc,WSBC US,499.93,499.93,Stock,,Completed,,,Friendly,.7844 Aqr sh./Tgt sh.,395,0.7844,OLBK,WSBC,467472500.0,1946119260.0
M&A,2018-02-14,,2018-06-15,Layne Christensen Co,LAYN US,Granite Construction Inc,GVA US,485.97,346.99,Stock,19.09,Completed,,,Friendly,.2700 Aqr sh./Tgt sh.,397,0.27,LAYN,GVA,308713500.0,2298207170.0
M&A,2006-11-13,2007-01-26,2007-01-29,Solexa Inc,SLXA US,Illumina Inc,ILMN US,481.96,550.7,Stock,,Completed,,,Friendly,.3440 Aqr sh./Tgt sh.,399,0.344,SLXA,ILMN,461030341.0,1856397320.0
M&A,2017-07-20,,2018-02-02,Bank Mutual Corp,BKMU US,Associated Banc-Corp,ASB US,478.52,478.52,Stock,,Completed,,,Friendly,.4220 Aqr sh./Tgt sh.,401,0.422,BKMU,ASB,445540399.99999994,3556672000.0
M&A,2015-08-04,,2016-02-16,Metro Bancorp Inc,METR US,FNB Corp/PA,FNB US,477.76,477.76,Stock,,Completed,,,Friendly,2.3730 Aqr sh./Tgt sh.,402,2.373,METR,FNB,429958199.99999994,2361115890.0
M&A,2024-04-15,,2024-08-02,Macatawa Bank Corp,MCBC US,Wintrust Financial Corp,WTFC US,471.18,471.18,Stock,,Completed,,,Friendly,.1370 Aqr sh./Tgt sh.,404,0.137,MCBC,WTFC,469728540.0,5831582560.0
M&A,2004-09-09,,2004-09-21,Artesyn Embedded Technologies Inc,ATSN US,Bel Fuse Inc,BELFA US,468.21,479.09,Stock,14.44,Terminated,,,Hostile,.2650 Aqr sh./Tgt sh.,406,0.265,ATSN,BELFA,386894129.99999994,84545580.0
M&A,2007-09-07,,2008-02-04,KNBT Bancorp Inc,KNBT US,National Penn Bancshares Inc,NPBC US,466.82,466.82,Stock,,Completed,,,Friendly,1.0300 Aqr sh./Tgt sh.,407,1.03,KNBT,NPBC,,
M&A,2020-10-29,,2021-03-22,Oaktree Strategic Income Corp,OCSI US,Oaktree Specialty Lending Corp,OCSL US,465.13,183.08,Stock,42.9,Completed,20,,Friendly,1.3371 Aqr sh./Tgt sh.,408,1.3371,OCSI,OCSL,190062150.0,642782159.9999999
M&A,2009-12-08,,2010-04-08,BPW Acquisition Corp,BPW US,Talbots Inc/The,TLB US,463.16,463.24,Stock,,Completed,,,Friendly,.9853 Aqr sh./Tgt sh.,410,0.9853,BPW,TLB,430289199.99999994,466434430.00000006
M&A,2017-05-16,,2018-01-02,WashingtonFirst Bankshares Inc,WFBI US,Sandy Spring Bancorp Inc,SASR US,456.0,456.0,Stock,,Completed,18.5,,Friendly,.8713 Aqr sh./Tgt sh.,412,0.8713,WFBI,SASR,405450100.0,935225740.0
M&A,2021-03-05,,2021-05-12,Noble Midstream Partners LP,NBLX US,Chevron Corp,CVX US,454.5,454.5,Stock,4.62,Completed,3.5,,Unsolicited,.1393 Aqr sh./Tgt sh.,413,0.1393,NBLX,CVX,,
M&A,2013-01-30,,2014-02-03,Virginia Commerce Bancorp Inc,VCBI US,United Bankshares Inc/WV,UBSI US,448.9,448.9,Stock,,Completed,,,Friendly,.5442 Aqr sh./Tgt sh.,415,0.5442,VCBI,UBSI,419441940.0,1281560730.0
M&A,2012-12-20,,2013-12-09,Roma Financial Corp,ROMA US,Investors Bancorp Inc,ISBC US,445.19,450.05,Stock,,Completed,,,Friendly,.8653 Aqr sh./Tgt sh.,416,0.8653,ROMA,ISBC,457469600.0,1990807740.0
M&A,2005-03-21,,2005-08-08,Mykrolis Corp,MYK US,Entegris Inc,ENTG US,442.64,573.05,Stock,9.27,Completed,,,Friendly,1.3900 Aqr sh./Tgt sh.,419,1.39,MYK,ENTG,592199520.0,733524480.0
M&A,2019-10-02,2020-02-20,2020-06-22,Progenics Pharmaceuticals Inc,PGNX US,Lantheus Holdings Inc,LNTH US,442.28,469.09,Stock,,Completed,18.34,,Friendly,.3100 Aqr sh./Tgt sh.,421,0.31,PGNX,LNTH,497643390.0,762219470.0
M&A,2021-11-08,,2022-07-29,MetroMile Inc,MILE US,Lemonade Inc,LMND US,439.11,439.11,Stock,,Completed,,,Friendly,.0526 Aqr sh./Tgt sh.,424,0.0526,MILE,LMND,415145250.0,3874397580.0
M&A,2013-04-24,,2013-08-30,PROLOR Biotech Ltd,PBTH US,OPKO Health Inc,OPK US,433.81,462.38,Stock,,Completed,,,Friendly,.9951 Aqr sh./Tgt sh.,426,0.9951,PBTH,OPK,398974700.0,2282776320.0
M&A,2023-04-11,,2023-09-01,Diversified Healthcare Trust,DHC US,Office Properties Income Trust,OPI US,425.55,425.55,Stock,2.93,Terminated,,,Friendly,.1470 Aqr sh./Tgt sh.,427,0.147,DHC,OPI,278031120.0,403081200.0
M&A,2022-08-08,,2023-02-01,Professional Holding Corp,PFHD US,Seacoast Banking Corp of Florida,SBCF US,421.35,421.35,Stock,,Completed,,,Friendly,.8909 Aqr sh./Tgt sh.,429,0.8909,PFHD,SBCF,405389000.0,2112641600.0
M&A,2021-07-13,,2022-01-25,Howard Bancorp Inc,HBMD US,FNB Corp/PA,FNB US,417.16,417.16,Stock,,Completed,,,Friendly,1.8000 Aqr sh./Tgt sh.,430,1.8,HBMD,FNB,374208450.0,3749579900.0
M&A,2016-06-27,,2017-04-03,Suffolk Bancorp,SCNB US,People's United Financial Inc,PBCT US,414.2,414.2,Stock,,Completed,,,Friendly,2.2250 Aqr sh./Tgt sh.,432,2.225,SCNB,PBCT,355830000.0,4392465930.000001
M&A,2007-11-09,,2008-04-01,Omega Financial Corp,OMEF US,FNB Corp/PA,FNB US,411.13,411.13,Stock,,Completed,,,Friendly,2.0220 Aqr sh./Tgt sh.,433,2.022,OMEF,FNB,,
M&A,2017-11-01,,2018-04-02,Clifton Bancorp Inc,CSBK US,Kearny Financial Corp/MD,KRNY US,409.96,409.96,Stock,,Completed,,,Friendly,1.1910 Aqr sh./Tgt sh.,434,1.191,CSBK,KRNY,381945149.99999994,1195015500.0
M&A,2004-01-27,,2004-06-07,Hawthorne Financial Corp,HTHR US,Commercial Capital Bancorp Inc,CCBI US,399.24,399.24,Stock,,Completed,,,Friendly,1.9333 Aqr sh./Tgt sh.,435,1.9333,HTHR,CCBI,401166000.0,539137080.0000001
M&A,2023-07-25,,2024-04-02,American National Bankshares Inc,AMNB US,Atlantic Union Bankshares Corp,AUB US,395.78,395.78,Stock,,Completed,,,Friendly,1.3500 Aqr sh./Tgt sh.,436,1.35,AMNB,AUB,422835199.99999994,2354093050.0
M&A,2021-04-26,,2021-07-22,First Choice Bancorp,FCBP US,Enterprise Financial Services Corp,EFSC US,387.95,387.95,Stock,,Completed,,,Friendly,.6603 Aqr sh./Tgt sh.,438,0.6603,FCBP,EFSC,365598080.0,1485115089.9999998
M&A,2015-10-13,,2016-03-02,NewBridge Bancorp,NBBC US,Yadkin Financial Corp,YDKN US,387.91,387.91,Stock,,Completed,18,,Friendly,.5000 Aqr sh./Tgt sh.,439,0.5,NBBC,YDKN,384372660.0,664930370.0
M&A,2016-12-13,,2017-04-03,Heritage Oaks Bancorp,HEOP US,Pacific Premier Bancorp Inc,PPBI US,387.45,387.45,Stock,,Completed,,,Friendly,.3471 Aqr sh./Tgt sh.,440,0.3471,HEOP,PPBI,402508000.0,941720850.0
M&A,2023-08-24,,2024-05-06,Summit Financial Group Inc,SMMF US,Burke & Herbert Financial Services Corp,BHRB US,386.93,386.93,Stock,,Completed,,,Friendly,.5043 Aqr sh./Tgt sh.,441,0.5043,SMMF,BHRB,362985279.99999994,369889910.0
M&A,2016-05-31,,2016-09-30,Rose Rock Midstream LP,RRMS US,SemGroup Corp,SEMG US,378.05,378.05,Stock,5.77,Completed,15.5,,Friendly,.8136 Aqr sh./Tgt sh.,442,0.8136,RRMS,SEMG,979760580.0,1425888599.9999998
M&A,2010-07-28,,2010-12-20,Hess Bakken Investments I Corp,AEZ US,Hess Corp,HES US,366.9,443.74,Stock,,Completed,,,Friendly,.1373 Aqr sh./Tgt sh.,445,0.1373,AEZ,HES,444557649.99999994,17681055150.000004
M&A,2006-02-08,,2006-06-05,Western Sierra Bancorp,WSBA US,Umpqua Holdings Corp,UMPQ US,366.53,366.53,Stock,,Completed,,,Friendly,1.6100 Aqr sh./Tgt sh.,446,1.61,WSBA,UMPQ,329178600.0,1190981880.0000002
M&A,2006-12-21,,2007-05-01,Coastal Financial Corp/SC,CFCP US,Truist Financial Corp,TFC US,364.49,364.49,Stock,,Completed,,,Friendly,.3850 Aqr sh./Tgt sh.,447,0.385,CFCP,TFC,362440100.0,108207210.0
M&A,2020-04-08,,2020-07-16,Standard Diversified Inc,SDI US,Turning Point Brands Inc,TPB US,361.92,164.85,Stock,14.97,Completed,,,Friendly,.5210 Aqr sh./Tgt sh.,448,0.521,SDI,TPB,105275400.0,432722620.00000006
M&A,2010-11-01,,2011-05-16,Wilmington Trust Corp,WL US,M&T Bank Corp,MTB US,359.38,359.38,Stock,,Completed,,,Friendly,.0514 Aqr sh./Tgt sh.,449,0.0514,WL,MTB,376241730.00000006,9268847550.0
M&A,2008-12-19,,2009-05-26,Provident Bankshares Corp,PBKS US,M&T Bank Corp,MTB US,355.35,355.35,Stock,,Completed,,,Friendly,.1716 Aqr sh./Tgt sh.,452,0.1716,PBKS,MTB,,
M&A,2015-05-04,,2016-03-01,Furmanite Corp,FRM US,Team Inc,TISI US,353.83,323.29,Stock,10.61,Completed,10,,Friendly,.2150 Aqr sh./Tgt sh.,454,0.215,FRM,TISI,322959150.0,810147330.0
M&A,2003-10-22,,2004-03-16,Rainbow Technologies Inc,RNBO US,Thales DIS CPL USA Inc,SFNT US,352.29,411.51,Stock,15.83,Completed,,,Friendly,.3740 Aqr sh./Tgt sh.,455,0.374,RNBO,SFNT,312506370.0,416067420.0
M&A,2014-06-30,,2014-10-17,Enventis Corp,ENVE US,Consolidated Communications Holdings Inc,CNSL US,346.88,210.75,Stock,7.29,Completed,,,Friendly,.7402 Aqr sh./Tgt sh.,460,0.7402,ENVE,CNSL,216971400.0,897236030.0
M&A,2023-09-07,,2024-03-19,BlackRock Capital Investment Corp,BKCC US,BlackRock TCP Capital Corp,TCPC US,342.88,342.88,Stock,20.62,Completed,,,Friendly,.3834 Aqr sh./Tgt sh.,462,0.3834,BKCC,TCPC,277225040.0,710534100.0000001
M&A,2019-10-29,,2020-04-27,MutualFirst Financial Inc,MFSF US,Northwest Bancshares Inc,NWBI US,338.99,338.99,Stock,,Completed,,,Friendly,2.4000 Aqr sh./Tgt sh.,463,2.4,MFSF,NWBI,336180880.0,1813186000.0
M&A,2022-05-11,,2022-08-12,Redbox Entertainment Inc,RDBX US,Chicken Soup For The Soul Entertainment Inc,CSSE US,336.13,33.04,Stock,,Completed,,,Friendly,.0870 Aqr sh./Tgt sh.,464,0.087,RDBX,CSSE,33818920.00000001,37110830.0
M&A,2004-03-15,,2004-07-12,Humboldt Bancorp,HBEK US,Umpqua Holdings Corp,UMPQ US,328.29,328.29,Stock,,Completed,,,Friendly,1.0000 Aqr sh./Tgt sh.,468,1.0,HBEK,UMPQ,294574320.0,559808200.0000001
M&A,2018-11-27,,2019-04-01,BSB Bancorp Inc/MA,BLMT US,People's United Financial Inc,PBCT US,327.0,327.0,Stock,,Completed,,,Friendly,2.0000 Aqr sh./Tgt sh.,469,2.0,BLMT,PBCT,309721250.0,6175065640.0
M&A,2020-07-27,,2020-09-28,CNX Midstream Partners LP,CNXM US,CNX Resources Corp,CNX US,323.69,323.69,Stock,2.88,Completed,,,Friendly,.8800 Aqr sh./Tgt sh.,470,0.88,CNXM,CNX,762393510.0,1724683980.0000002
M&A,2014-05-08,,2014-11-03,1st United Bancorp Inc/Boca Raton FL,FUBC US,Valley National Bancorp,VLY US,316.2,316.2,Stock,,Completed,,,Friendly,.8900 Aqr sh./Tgt sh.,474,0.89,FUBC,VLY,279024100.0,1939494480.0
M&A,2021-06-01,,2021-10-19,Select Bancorp Inc,SLCT US,First Bancorp/Southern Pines NC,FBNC US,310.78,310.78,Stock,,Completed,,,Friendly,.4080 Aqr sh./Tgt sh.,476,0.408,SLCT,FBNC,292859000.0,1224742110.0
M&A,2017-12-11,,2018-07-09,FNB Bancorp/CA,FNBG US,TriCo Bancshares,TCBK US,300.91,300.91,Stock,,Completed,,,Friendly,.9800 Aqr sh./Tgt sh.,479,0.98,FNBG,TCBK,277452450.0,914198850.0
M&A,2016-10-31,,2017-04-30,SunCoke Energy Partners LP,SXCP US,SunCoke Energy Inc,SXC US,299.48,299.48,Stock,3.38,Terminated,,,Friendly,1.6500 Aqr sh./Tgt sh.,481,1.65,SXCP,SXC,799484900.0,653698520.0
M&A,2021-03-29,,2021-09-20,Premier Financial Bancorp Inc,PFBI US,Peoples Bancorp Inc/OH,PEBO US,288.94,288.94,Stock,,Completed,11,,Friendly,.5800 Aqr sh./Tgt sh.,487,0.58,PFBI,PEBO,271031580.0,642686000.0
M&A,2002-07-24,2003-03-27,2004-06-14,Franklin Financial Corp/TN,FNFN US,Fifth Third Bancorp,FITB US,287.66,287.66,Stock,,Completed,,,Friendly,.5933 Aqr sh./Tgt sh.,488,0.5933,FNFN,FITB,193247080.00000003,36079230600.0
M&A,2022-10-11,,2023-01-05,SeaSpine Holdings Corp,SPNE US,Orthofix Medical Inc,OFIX US,287.59,310.76,Stock,,Completed,,,Friendly,.4163 Aqr sh./Tgt sh.,489,0.4163,SPNE,OFIX,204583500.0,286900380.0
M&A,2018-10-10,,2019-09-04,MBT Financial Corp,MBTF US,First Merchants Corp,FRME US,284.74,,Stock,,Completed,,,Friendly,0.275 Aqr sh./Tgt sh.,490,0.275,MBTF,FRME,276569700.0,2176815750.0
M&A,2021-06-23,,2021-10-01,Bank of Commerce Holdings,BOCH US,Columbia Banking System Inc,COLB US,279.6,279.6,Stock,,Completed,,,Friendly,.4000 Aqr sh./Tgt sh.,492,0.4,BOCH,COLB,253983800.00000003,2798982640.0
M&A,2006-10-17,,2007-01-09,Pemstar Inc,PMTR US,Benchmark Electronics Inc,BHE US,277.74,199.85,Stock,7.94,Completed,,,Friendly,.1600 Aqr sh./Tgt sh.,493,0.16,PMTR,BHE,195430699.99999997,1779356280.0
M&A,2021-07-14,,2022-01-20,FVCBankcorp Inc,FVCB US,Blue Ridge Bankshares Inc,BRBS US,275.77,275.77,Stock,,Terminated,,,Friendly,1.1492 Aqr sh./Tgt sh.,495,1.1492,FVCB,BRBS,273642400.0,334655310.0
M&A,2006-05-16,,2006-10-27,Community Bancorp Inc/CA,CMBC US,PacWest Bancorp,PACW US,274.01,274.01,Stock,,Completed,,,Friendly,.7350 Aqr sh./Tgt sh.,498,0.735,CMBC,PACW,243009360.00000003,33102080.0
M&A,2018-07-16,,2018-11-16,Gulfmark Offshore Inc,GLF US,Tidewater Inc,TDW US,273.5,233.92,Stock,,Completed,35,,Friendly,1.1000 Aqr sh./Tgt sh.,499,1.1,GLF,TDW,246576040.0,816721350.0
M&A,2021-06-03,,2021-12-06,Community Bankers Trust Corp,ESXB US,United Bankshares Inc/WV,UBSI US,271.1,289.17,Stock,,Completed,,,Friendly,.3173 Aqr sh./Tgt sh.,500,0.3173,ESXB,UBSI,265973400.00000003,5067849090.0
M&A,2020-03-12,,2020-08-03,SB One Bancorp,SBBX US,Provident Financial Services Inc,PFS US,268.44,268.44,Stock,,Completed,,,Friendly,1.3570 Aqr sh./Tgt sh.,502,1.357,SBBX,PFS,175137600.0,972346640.0
M&A,2014-07-15,,2015-01-05,Franklin Financial Corp/VA,FRNK US,Towne Bank/Portsmouth VA,TOWN US,267.77,267.77,Stock,,Completed,11,,Friendly,1.4000 Aqr sh./Tgt sh.,503,1.4,FRNK,TOWN,251759970.0,559732160.0
M&A,2015-02-27,,2015-06-29,Cornerstone Progressive Return Fund,CFP US,Cornerstone Strategic Investme,CLM US,266.64,266.64,Stock,,Completed,,,Friendly,.7658 Aqr sh./Tgt sh.,504,0.7658,CFP,CLM,,
M&A,2004-06-14,,2004-11-11,Prime Medical Services Inc,PMSI US,HealthTronics Inc,HTRN US,263.78,144.27,Stock,6.37,Completed,,,Friendly,1.0000 Aqr sh./Tgt sh.,505,1.0,PMSI,HTRN,146333070.0,88421760.0
M&A,2011-01-26,,2011-10-03,Abington Bancorp Inc,ABBC US,Susquehanna Bancshares Inc,SUSQ US,262.77,262.77,Stock,,Completed,,,Friendly,1.3200 Aqr sh./Tgt sh.,506,1.32,ABBC,SUSQ,252490840.0,1250272920.0
M&A,2022-12-14,,2023-07-03,Community Financial Corp/The,TCFC US,Shore Bancshares Inc,SHBI US,258.8,258.8,Stock,,Completed,,,Friendly,2.3287 Aqr sh./Tgt sh.,510,2.3287,TCFC,SHBI,223017000.0,342550500.0
M&A,2024-01-16,2024-04-30,2024-11-18,HomeStreet Inc,HMST US,Firstsun Capital Bancorp,FSUN US,256.89,256.89,Stock,,Terminated,,,Friendly,.3867 Aqr sh./Tgt sh.,511,0.3867,HMST,FSUN,275703959.99999994,
M&A,2019-02-05,,2019-06-28,SunCoke Energy Partners LP,SXCP US,SunCoke Energy Inc,SXC US,256.12,256.12,Stock,3.19,Completed,6,,Friendly,1.4000 Aqr sh./Tgt sh.,513,1.4,SXCP,SXC,689244570.0,661077080.0000001
M&A,2014-01-27,,2014-07-07,VantageSouth Bancshares Inc,VSB US,Yadkin Financial Corp,YDKN US,255.25,255.25,Stock,,Completed,,,Friendly,.3125 Aqr sh./Tgt sh.,514,0.3125,VSB,YDKN,270703440.0,272289120.0
M&A,2016-09-12,,2017-02-02,American Farmland Co,AFCO US,Farmland Partners Inc,FPI US,249.5,170.92,Stock,,Completed,6,,Friendly,.7417 Aqr sh./Tgt sh.,516,0.7417,AFCO,FPI,123699819.99999999,151329639.99999997
M&A,2014-12-10,,2015-07-01,Heritage Financial Group Inc,HBOS US,Renasant Corp,RNST US,248.08,248.08,Stock,,Completed,,,Friendly,.9266 Aqr sh./Tgt sh.,517,0.9266,HBOS,RNST,233375199.99999997,915776400.0
M&A,2016-08-01,2016-11-21,2016-12-09,Transocean Partners LLC,RIGP US,Transocean Ltd,RIG US,240.96,240.96,Stock,17.91,Completed,,,Friendly,1.2000 Aqr sh./Tgt sh.,520,1.2,RIGP,RIG,488934250.0,3670280100.0
M&A,2010-04-26,,2010-07-02,Thomas Weisel Partners Group Inc,TWPG US,Stifel Financial Corp,SF US,240.84,240.84,Stock,,Completed,,,Friendly,.1364 Aqr sh./Tgt sh.,521,0.1364,TWPG,SF,248958360.0,1712247800.0
M&A,2010-06-10,,2010-10-04,PMA Cos Inc,PMACA US,Old Republic International Corp,ORI US,239.67,239.67,Stock,,Completed,,,Friendly,.5500 Aqr sh./Tgt sh.,522,0.55,PMACA,ORI,227383650.0,3188813670.0
M&A,2019-02-04,2019-05-13,2019-05-17,Maxwell Technologies Inc,MXWL US,Tesla Inc,TSLA US,236.99,224.06,Stock,,Completed,,,Friendly,.0193 Aqr sh./Tgt sh.,523,0.0193,MXWL,TSLA,211121639.99999997,55465654426.02
M&A,2005-03-03,2005-04-21,2005-05-17,Siliconix Inc,SILI US,Vishay Intertechnology Inc,VSH US,235.27,235.27,Stock,10.78,Completed,,,Hostile,3.0750 Aqr sh./Tgt sh.,524,3.075,SILI,VSH,1083113750.0,1979072470.0
M&A,2018-11-07,,2019-03-29,Owens Realty Mortgage Inc,ORM US,Ready Capital Corp,RC US,234.81,190.85,Stock,39.81,Completed,10,,Friendly,1.4410 Aqr sh./Tgt sh.,525,1.441,ORM,RC,167000850.0,466793600.00000006
M&A,2023-12-12,,2024-07-02,Codorus Valley Bancorp Inc,CVLY US,Orrstown Financial Services Inc,ORRF US,233.38,200.51,Stock,,Completed,8.3,,Friendly,.8750 Aqr sh./Tgt sh.,526,0.875,CVLY,ORRF,230183449.99999997,279148200.0
M&A,2009-07-27,,2010-04-13,Harleysville National Corp,HNBC US,First Niagara Financial Group Inc,FNFG US,232.91,232.91,Stock,,Completed,,,Friendly,.4740 Aqr sh./Tgt sh.,527,0.474,HNBC,FNFG,226658660.0,1900492470.0
M&A,2012-10-08,,2013-03-11,Alliance Financial Corp/NY,ALNC US,NBT Bancorp Inc,NBTB US,230.9,166.69,Stock,,Completed,,,Friendly,2.1779 Aqr sh./Tgt sh.,529,2.1779,ALNC,NBTB,217294080.0,720058748.5
M&A,2016-10-24,,2017-04-03,Middleburg Financial Corp,MBRG US,Access National Corp,ANCX US,230.87,230.87,Stock,,Completed,9.9,,Friendly,1.3314 Aqr sh./Tgt sh.,530,1.3314,MBRG,ANCX,216428410.0,253048500.00000003
M&A,2020-12-21,,2021-05-03,RigNet Inc,RNET US,Viasat Inc,VSAT US,228.77,130.82,Stock,155.63,Completed,,,Friendly,.1845 Aqr sh./Tgt sh.,531,0.1845,RNET,VSAT,121304000.00000001,2163081990.0
M&A,2024-01-29,,2024-08-01,California BanCorp,CALB US,California BanCorp,BCAL US,226.28,226.28,Stock,,Completed,,,Friendly,1.5900 Aqr sh./Tgt sh.,532,1.59,CALB,BCAL,216687580.0,305843850.0
M&A,2005-12-15,,2006-05-10,Foothill Independent Bancorp,FOOT US,PacWest Bancorp,PACW US,222.62,222.62,Stock,,Completed,,,Friendly,.4523 Aqr sh./Tgt sh.,533,0.4523,FOOT,PACW,213861870.0,32313540.0
M&A,2004-07-11,,2004-08-09,Secure Computing LLC,SCUR US,Cyberguard Corp,CGFW US,222.32,263.2,Stock,17.04,Terminated,,,Friendly,1.0000 Aqr sh./Tgt sh.,534,1.0,SCUR,CGFW,249808360.0,212248320.0
M&A,2021-03-22,,2021-10-19,Pacific Mercantile Bancorp,PMBC US,Banc of California Inc,BANC US,221.85,221.85,Stock,,Completed,,,Friendly,.5000 Aqr sh./Tgt sh.,535,0.5,PMBC,BANC,198639100.0,923022170.0
M&A,2011-04-28,,2012-01-03,State Bancorp Inc/NY,STBC US,Valley National Bancorp,VLY US,218.22,218.22,Stock,,Completed,,,Friendly,1.0000 Aqr sh./Tgt sh.,537,1.0,STBC,VLY,223924800.0,2313954480.0
M&A,2019-04-30,,2019-09-23,MidSouth Bancorp Inc,MSL US,Hancock Whitney Corp,HWC US,211.53,211.53,Stock,,Completed,,,Friendly,.2952 Aqr sh./Tgt sh.,539,0.2952,MSL,HWC,207755020.0,3677388000.0
M&A,2015-12-03,,2016-05-02,Pulaski Financial Corp,PULB US,First Busey Corp,BUSE US,207.51,207.51,Stock,,Completed,9,,Friendly,.7900 Aqr sh./Tgt sh.,542,0.79,PULB,BUSE,200399850.0,627515910.0
M&A,2019-06-05,,2019-12-02,DNB Financial Corp,DNBF US,S&T Bancorp Inc,STBA US,205.65,205.65,Stock,,Completed,,,Friendly,1.2200 Aqr sh./Tgt sh.,544,1.22,DNBF,STBA,191343580.0,1264373900.0
M&A,2007-05-08,,2007-08-27,Sipex Corp,SIPX US,Exar Corp,EXAR US,199.31,174.57,Stock,,Completed,,,Friendly,.6679 Aqr sh./Tgt sh.,545,0.6679,SIPX,EXAR,174170400.00000003,504830550.00000006
M&A,2022-12-05,,2023-08-15,Salisbury Bancorp Inc,SAL US,NBT Bancorp Inc,NBTB US,198.91,202.21,Stock,,Completed,,,Friendly,.7450 Aqr sh./Tgt sh.,546,0.745,SAL,NBTB,180287280.0,1851116400.0000002
M&A,2019-04-26,,2019-07-19,Aratana Therapeutics Inc,PETX US,Elanco Animal Health Inc,ELAN US,191.29,233.96,Stock,,Completed,,,Friendly,.1481 Aqr sh./Tgt sh.,554,0.1481,PETX,ELAN,,
M&A,2018-12-11,,2019-05-20,SI Financial Group Inc,SIFI US,Berkshire Hills Bancorp Inc,BHLB US,190.91,190.91,Stock,,Completed,,,Friendly,.4800 Aqr sh./Tgt sh.,556,0.48,SIFI,BHLB,165467500.0,1333867920.0000002
M&A,2014-01-28,,2014-06-23,Tortoise North American Energy Corp,TYN US,Tortoise Energy Infrastructure Corp,TYG US,190.49,190.49,Stock,,Completed,,,Friendly,.6540 Aqr sh./Tgt sh.,557,0.654,TYN,TYG,176708000.0,1193956920.0000002
M&A,2008-10-16,,2009-04-02,Zygo Corp,ZIGO US,Electro Scientific Industries Inc,ESIO US,187.76,231.82,Stock,14.31,Terminated,,,Friendly,1.0233 Aqr sh./Tgt sh.,559,1.0233,ZIGO,ESIO,148600400.0,260771700.0
M&A,2011-02-17,,2011-06-29,LaBranche & Co Inc,LAB US,Cowen Inc,COWN US,182.42,182.42,Stock,,Completed,6.25,,Friendly,.9980 Aqr sh./Tgt sh.,565,0.998,LAB,COWN,173551680.00000003,325144500.0
M&A,2021-07-23,,2022-03-01,Atlantic Capital Bancshares Inc,ACBI US,SouthState Corp,SSB US,181.61,181.61,Stock,,Completed,16.5,,Friendly,.3600 Aqr sh./Tgt sh.,566,0.36,ACBI,SSB,,
M&A,2022-07-25,,2022-10-20,Zymergen Inc,ZY US,Ginkgo Bioworks Holdings Inc,DNA US,181.11,279.11,Stock,,Completed,,,Friendly,.9179 Aqr sh./Tgt sh.,568,0.9179,ZY,DNA,232574720.00000003,2854095030.0
M&A,2014-01-21,,2014-10-06,North Valley Bancorp,NOVB US,TriCo Bancshares,TCBK US,180.93,180.93,Stock,,Completed,3.8,,Friendly,.9433 Aqr sh./Tgt sh.,569,0.9433,NOVB,TCBK,168439040.0,433918230.0
M&A,2022-11-04,,2023-02-10,Velodyne Lidar Inc,VLDR US,Ouster Inc,OUST US,180.04,180.04,Stock,,Completed,,,Friendly,.8204 Aqr sh./Tgt sh.,570,0.8204,VLDR,OUST,,
M&A,2022-10-25,,2023-05-02,Limestone Bancorp Inc,LMST US,Peoples Bancorp Inc/OH,PEBO US,178.05,178.05,Stock,,Completed,1.8,,Friendly,.9000 Aqr sh./Tgt sh.,575,0.9,LMST,PEBO,163784130.0,814900230.0
M&A,2003-08-25,,2004-04-01,Resource Bankshares Corp,RBKV US,Fulton Financial Corp,FULT US,177.35,177.35,Stock,,Completed,,,Friendly,1.4667 Aqr sh./Tgt sh.,576,1.4667,RBKV,FULT,167515900.0,2164806800.0000005
M&A,2006-04-25,,2006-10-09,NewMil Bancorp Inc,NMIL US,Webster Financial Corp,WBS US,177.31,177.31,Stock,,Completed,,,Friendly,.8736 Aqr sh./Tgt sh.,577,0.8736,NMIL,WBS,162918500.0,2503201150.0
M&A,2021-12-02,,2022-04-04,SLR Senior Investment Corp,SUNS US,SLR Investment Corp,SLRC US,177.28,241.21,Stock,,Completed,,,Friendly,.7796 Aqr sh./Tgt sh.,578,0.7796,SUNS,SLRC,239932550.0,816482520.0
M&A,2017-06-12,2017-10-27,2017-11-01,First South Bancorp Inc/NC,FSBK US,Carolina Financial Corp,CARO US,175.53,175.53,Stock,,Completed,,,Friendly,.5064 Aqr sh./Tgt sh.,579,0.5064,FSBK,CARO,159426780.0,532627000.0
M&A,2015-12-17,,2016-06-27,Monarch Financial Holdings Inc,MNRK US,Towne Bank/Portsmouth VA,TOWN US,174.11,250.91,Stock,,Completed,,,Friendly,.8830 Aqr sh./Tgt sh.,581,0.883,MNRK,TOWN,202314539.99999997,1033856670.0
M&A,2005-10-03,,2006-03-16,Cavalry Bancorp Inc,CAVB US,Pinnacle Financial Partners Inc,PNFP US,173.37,173.37,Stock,,Completed,,,Friendly,.9500 Aqr sh./Tgt sh.,582,0.95,CAVB,PNFP,166014000.0,203186880.0
M&A,2005-06-23,,2005-10-03,InKine Pharmaceutical Co Inc,INKP US,Salix Pharmaceuticals Ltd,SLXP US,172.48,183.04,Stock,53.22,Completed,,,Friendly,.1737 Aqr sh./Tgt sh.,583,0.1737,INKP,SLXP,152676120.0,639682100.0
M&A,2017-08-14,,2018-01-02,Sunshine Bancorp Inc,SBCP US,CenterState Bank Corp,CSFL US,170.06,177.62,Stock,,Completed,,,Friendly,.8900 Aqr sh./Tgt sh.,586,0.89,SBCP,CSFL,173383200.0,1482666900.0
M&A,2012-03-26,,2012-07-25,Oclaro Fiber Optics Inc,OPXT US,Oclaro Inc,OCLR US,170.0,209.97,Stock,,Completed,6,,Friendly,.4200 Aqr sh./Tgt sh.,587,0.42,OPXT,OCLR,156225920.0,224348160.0
M&A,2023-02-22,,2023-12-01,Partners Bancorp,PTRS US,LINKBANCORP Inc,LNKB US,169.5,169.5,Stock,,Completed,,,Friendly,1.1500 Aqr sh./Tgt sh.,589,1.15,PTRS,LNKB,163203920.0,128964900.00000001
M&A,2008-05-16,,2008-08-29,Optium Corp,OPTM US,Finisar Corp,FNSR US,169.38,221.74,Stock,,Completed,,,Friendly,6.2620 Aqr sh./Tgt sh.,590,6.262,OPTM,FNSR,,
M&A,2011-07-20,,2011-10-21,Allos Therapeutics Inc,ALTH US,AMAG Pharmaceuticals Inc,AMAG US,169.08,248.5,Stock,,Terminated,14,,Friendly,.1282 Aqr sh./Tgt sh.,591,0.1282,ALTH,AMAG,193383420.0,336793800.0
M&A,2008-05-21,,2008-12-08,Willow Financial Bancorp Inc,WFBC US,Harleysville National Corp,HNBC US,166.93,166.93,Stock,,Completed,,,Friendly,.7300 Aqr sh./Tgt sh.,593,0.73,WFBC,HNBC,146975220.0,423919600.0
M&A,2017-08-14,,2017-12-15,Tesco Corp,TESO US,Nabors Industries Ltd,NBR US,162.23,234.72,Stock,,Completed,,,Friendly,.6800 Aqr sh./Tgt sh.,598,0.68,TESO,NBR,203384249.99999997,1886385599.9999998
M&A,2013-08-15,,2014-06-02,Firstbank Corp,FBMI US,Mercantile Bank Corp,MBWM US,160.15,160.15,Stock,,Completed,7.9,,Friendly,1.0000 Aqr sh./Tgt sh.,599,1.0,FBMI,MBWM,151045830.00000003,179973690.0
M&A,2008-03-19,2008-05-21,2008-07-02,Greater Community Bancorp,GFLS US,Valley National Bancorp,VLY US,157.69,157.69,Stock,,Completed,,,Friendly,.9975 Aqr sh./Tgt sh.,602,0.9975,GFLS,VLY,158485800.0,2409453970.0
M&A,2014-01-13,,2014-06-02,Teche Holding Co,TSH US,IBERIABANK Corp,IBKC US,154.15,154.15,Stock,,Completed,4,,Friendly,1.1620 Aqr sh./Tgt sh.,605,1.162,TSH,IBKC,147191780.0,1867644900.0000002
M&A,2023-04-25,,2023-08-02,Spectrum Pharmaceuticals Inc,SPPI US,Assertio Holdings Inc,ASRT US,151.0,224.28,Stock,,Completed,8.3,,Friendly,.1783 Aqr sh./Tgt sh.,607,0.1783,SPPI,ASRT,181061370.0,278310000.0
M&A,2017-11-08,,2018-02-07,Alon USA Partners LP,ALDW US,Delek US Holdings Inc,DK US,148.62,29.82,Stock,1.77,Completed,,,Friendly,.4900 Aqr sh./Tgt sh.,608,0.49,ALDW,DK,863525490.0,2257443840.0
M&A,2019-01-15,,2019-04-23,Entegra Financial Corp,ENFC US,SmartFinancial Inc,SMBK US,147.98,147.98,Stock,,Terminated,,,Friendly,1.2150 Aqr sh./Tgt sh.,609,1.215,ENFC,SMBK,152148810.0,252902099.99999997
M&A,2016-05-05,,2017-01-17,Lake Sunapee Bank Group,LSBG US,Bar Harbor Bankshares,BHB US,140.65,140.65,Stock,,Completed,,,Friendly,.4970 Aqr sh./Tgt sh.,612,0.497,LSBG,BHB,130423920.0,195084600.0
M&A,2007-01-18,2007-04-20,2007-04-27,North Bay Bancorp/Napa CA,NBAN US,Umpqua Holdings Corp,UMPQ US,136.28,136.28,Stock,,Completed,,,Friendly,1.2280 Aqr sh./Tgt sh.,619,1.228,NBAN,UMPQ,140112000.0,1627401599.9999998
M&A,2004-10-15,,2005-02-22,NSD Bancorp Inc,NSDB US,FNB Corp/PA,FNB US,135.69,135.69,Stock,,Completed,,,Friendly,1.8000 Aqr sh./Tgt sh.,621,1.8,NSDB,FNB,,
M&A,2021-04-19,,2021-08-09,American River Bankshares,AMRB US,Bank of Marin Bancorp,BMRC US,135.32,135.32,Stock,,Completed,,,Friendly,.5750 Aqr sh./Tgt sh.,622,0.575,AMRB,BMRC,115126219.99999999,468577319.99999994
M&A,2009-04-20,,2009-10-29,Florida Public Utilities Co,FPU US,Chesapeake Utilities Corp,CPK US,133.6,74.52,Stock,,Completed,,,Friendly,.4050 Aqr sh./Tgt sh.,624,0.405,FPU,CPK,72425280.0,199796400.0
M&A,2005-10-10,,2006-01-09,Micro Therapeutics Inc,MTIX US,ev3 Inc,EVVV US,130.16,130.16,Stock,,Completed,,,Friendly,.4763 Aqr sh./Tgt sh.,631,0.4763,MTIX,EVVV,314435520.0,721001160.0
M&A,2005-03-15,,2005-09-22,Medicore Inc,MDKI US,Dialysis Corp Of America,DCAI US,128.3,135.1,Stock,34.96,Completed,,,Friendly,.6800 Aqr sh./Tgt sh.,633,0.68,MDKI,DCAI,86548580.0,205955220.0
M&A,2004-05-13,,2004-07-30,Horizon Medical Products Inc,HMP US,Rita Medical Systems Inc,RITA US,128.22,111.26,Stock,40.52,Completed,,,Friendly,.4212 Aqr sh./Tgt sh.,634,0.4212,HMP,RITA,81735840.00000001,80166750.0
M&A,2023-09-27,,2024-07-02,FNCB Bancorp Inc,FNCB US,Peoples Financial Services Corp,PFIS US,127.89,127.89,Stock,,Completed,,,Friendly,.1460 Aqr sh./Tgt sh.,635,0.146,FNCB,PFIS,121436920.0,296416470.0
M&A,2021-06-30,,2021-12-01,Riverview Financial Corp,RIVE US,Mid Penn Bancorp Inc,MPB US,127.68,127.68,Stock,,Completed,,,Friendly,.4833 Aqr sh./Tgt sh.,636,0.4833,RIVE,MPB,119365500.0,310895250.0
M&A,2011-06-15,,2012-01-03,Parkvale Financial Corp,PVSA US,FNB Corp/PA,FNB US,124.91,124.91,Stock,,Completed,,,Friendly,2.1780 Aqr sh./Tgt sh.,640,2.178,PVSA,FNB,112218300.0,1242291849.9999998
M&A,2004-06-14,,2005-01-03,First Washington Financial Corp/NJ,FWFC US,Fulton Financial Corp,FULT US,123.47,123.47,Stock,,Completed,,,Friendly,1.3500 Aqr sh./Tgt sh.,641,1.35,FWFC,FULT,112699200.0,2439890440.0
M&A,2008-11-07,,2009-04-14,Benjamin Franklin Bancorp Inc,BFBC US,Independent Bank Corp,INDB US,122.77,122.77,Stock,,Completed,,,Friendly,.5900 Aqr sh./Tgt sh.,642,0.59,BFBC,INDB,,
M&A,2019-12-05,,2020-06-01,Wellesley Bank,WEBK US,Cambridge Bancorp,CATC US,122.61,122.61,Stock,,Completed,,,Friendly,.5800 Aqr sh./Tgt sh.,645,0.58,WEBK,CATC,108197000.0,360112500.0
M&A,2017-09-27,,2018-04-17,Bay Bancorp Inc,BYBK US,Old Line Bancshares Inc,OLBK US,119.44,119.44,Stock,,Completed,5.076,,Friendly,.4088 Aqr sh./Tgt sh.,652,0.4088,BYBK,OLBK,120532500.0,352985850.00000006
M&A,2021-07-12,,2022-01-07,1st Constitution Bancorp,FCCY US,Lakeland Bancorp Inc,LBAI US,118.71,247.48,Stock,,Completed,9,,Friendly,1.3577 Aqr sh./Tgt sh.,653,1.3577,FCCY,LBAI,222978800.0,836940539.9999999
M&A,2013-02-07,,2013-09-04,First M&F Corp,FMFC US,Renasant Corp,RNST US,114.71,114.71,Stock,,Completed,,,Friendly,.6425 Aqr sh./Tgt sh.,656,0.6425,FMFC,RNST,110033520.0,488782620.0
M&A,2017-01-31,,2017-12-15,Royal Bancshares of Pennsylvania Inc,RBPAA US,Bryn Mawr Bank Corp,BMTC US,114.38,114.38,Stock,,Completed,1.8,,Friendly,.1025 Aqr sh./Tgt sh.,657,0.1025,RBPAA,BMTC,111269130.0,682682000.0
M&A,2024-05-15,,2024-10-10,HMN Financial Inc,HMNF US,Alerus Financial Corp,ALRS US,113.4,113.4,Stock,,Completed,,,Friendly,1.2500 Aqr sh./Tgt sh.,660,1.25,HMNF,ALRS,102561049.99999999,390397980.0
M&A,2014-11-04,,2015-04-20,Hampden Bancorp Inc,HBNK US,Berkshire Hills Bancorp Inc,BHLB US,110.67,110.67,Stock,,Completed,,,Friendly,.8100 Aqr sh./Tgt sh.,667,0.81,HBNK,BHLB,108310599.99999999,636625169.9999999
M&A,2009-06-22,,2009-11-16,Specialty Underwriters' Alliance Inc,SUAI US,Tower Group International Ltd,TWGP US,110.41,110.61,Stock,,Completed,,,Friendly,.2800 Aqr sh./Tgt sh.,668,0.28,SUAI,TWGP,89509400.00000001,967324800.0
M&A,2023-08-01,,2023-11-10,EQRx Inc,EQRX US,REVOLUTION Medicines Inc,RVMD US,110.31,1433.03,Stock,,Completed,,,Friendly,.1112 Aqr sh./Tgt sh.,669,0.1112,EQRX,RVMD,1048029710.0,3577641980.0
M&A,2020-05-03,,2020-07-28,Quintana Energy Services Inc,QES US,KLX Energy Services Holdings Inc,KLXE US,105.92,76.49,Stock,,Completed,3,,Friendly,.0969 Aqr sh./Tgt sh.,674,0.0969,QES,KLXE,30422700.0,32829720.0
M&A,2013-02-19,,2013-10-14,PVF Capital Corp,PVFC US,FNB Corp/PA,FNB US,105.07,105.07,Stock,,Completed,,,Friendly,.3405 Aqr sh./Tgt sh.,676,0.3405,PVFC,FNB,99000000.0,1625974980.0
M&A,2020-10-26,,2021-01-22,Mid-Con Energy Partners LP,MCEP US,Contango Oil & Gas Co,MCF US,103.66,35.03,Stock,,Completed,1.5,,Friendly,1.7500 Aqr sh./Tgt sh.,677,1.75,MCEP,MCF,33633200.00000001,178272260.0
M&A,2010-04-05,,2010-07-02,Symyx Technologies Inc,SMMX US,Biovia Corp,ACCL US,98.16,177.61,Stock,10.12,Completed,7.5,,Friendly,.7802 Aqr sh./Tgt sh.,687,0.7802,SMMX,ACCL,190660160.0,196020900.0
M&A,2018-10-01,,2019-04-01,HomeTown Bankshares Corp,HMTA US,American National Bankshares Inc,AMNB US,97.87,,Stock,,Completed,,,Friendly,0.415 Aqr sh./Tgt sh.,688,0.415,HMTA,AMNB,87382400.0,326426440.0
M&A,2023-03-06,,2023-06-02,TCR2 Therapeutics Inc,TCRR US,Adaptimmune Therapeutics Plc,ADAP US,97.56,97.56,Stock,,Completed,2.4,,Friendly,1.5117 Aqr sh./Tgt sh.,689,1.5117,TCRR,ADAP,62724800.0,181698750.0
M&A,2003-11-18,2004-01-22,2004-04-05,RMH Teleservices Inc,RMHT US,Expert Global Solutions Inc/Georgia,NCOG US,97.29,70.66,Stock,8.55,Completed,,,Friendly,.2150 Aqr sh./Tgt sh.,690,0.215,RMHT,NCOG,78298680.0,572859000.0
M&A,2009-12-18,,2010-04-16,Javelin Pharmaceuticals Inc,JAV US,Myrexis Inc,MYRX US,96.42,97.19,Stock,,Terminated,2.9,,Friendly,.2820 Aqr sh./Tgt sh.,691,0.282,JAV,MYRX,,
M&A,2014-04-08,,2014-09-22,OBA Financial Services Inc,OBAF US,FNB Corp/PA,FNB US,95.17,95.17,Stock,22.06,Completed,,,Friendly,1.7810 Aqr sh./Tgt sh.,694,1.781,OBAF,FNB,90451200.0,2170421100.0
M&A,2017-03-06,2017-06-26,2017-10-13,Handy & Harman Ltd,HNH US,Steel Partners Holdings LP,SPLP US,95.0,,Stock,-5.29,Completed,,,Friendly,1.4840 Aqr sh./Tgt sh.,695,1.484,HNH,SPLP,333567250.0,470754000.0
M&A,2014-11-17,,2015-07-02,Valley Financial Corp/Roanoke VA,VYFC US,BNC Bancorp,BNCN US,92.76,92.76,Stock,,Completed,,,Friendly,1.1081 Aqr sh./Tgt sh.,702,1.1081,VYFC,BNCN,95274000.0,509985839.99999994
M&A,2018-07-11,,2018-12-10,Poage Bankshares Inc,PBSK US,City Holding Co,CHCO US,90.34,90.34,Stock,,Completed,,,Friendly,.3350 Aqr sh./Tgt sh.,705,0.335,PBSK,CHCO,86725600.0,1176515280.0
M&A,2017-02-21,,2017-06-02,FBR & Co,FBRC US,B Riley Financial Inc,RILY US,89.47,89.47,Stock,,Completed,,,Friendly,.6710 Aqr sh./Tgt sh.,708,0.671,FBRC,RILY,125907599.99999999,303369000.0
M&A,2024-06-27,,2024-11-01,Griid Infrastructure Inc,GRDI US,Cleanspark Inc,CLSK US,84.07,84.07,Stock,,Completed,1.5,,Friendly,.0696 Aqr sh./Tgt sh.,717,0.0696,GRDI,CLSK,76187500.0,3756623750.0
M&A,2012-01-25,2012-09-17,2012-09-17,Indiana Community Bancorp,INCB US,Old National Bancorp/IN,ONB US,78.56,78.56,Stock,,Completed,,,Friendly,1.9455 Aqr sh./Tgt sh.,726,1.9455,INCB,ONB,71280260.0,1135848000.0
M&A,2010-10-06,,2011-01-03,Monroe Bancorp,MROE US,Old National Bancorp/IN,ONB US,77.82,77.82,Stock,,Completed,,,Friendly,1.2160 Aqr sh./Tgt sh.,727,1.216,MROE,ONB,69776000.0,858634350.0
M&A,2013-06-14,,2014-02-18,BCSB Bancorp Inc,BCSB US,FNB Corp/PA,FNB US,76.8,76.8,Stock,,Completed,,,Friendly,2.0800 Aqr sh./Tgt sh.,729,2.08,BCSB,FNB,,
M&A,2006-07-27,,2007-02-02,Pocahontas Bancorp Inc,PFSL US,IBERIABANK Corp,IBKC US,76.58,76.58,Stock,,Completed,,,Friendly,.2781 Aqr sh./Tgt sh.,730,0.2781,PFSL,IBKC,73111500.0,560705280.0
M&A,2022-07-05,,2022-09-19,Tyme Technologies Inc,TYME US,Syros Pharmaceuticals Inc,SYRS US,74.62,74.62,Stock,,Completed,,,Friendly,.4382 Aqr sh./Tgt sh.,732,0.4382,TYME,SYRS,44894364.9,50397498.9
M&A,2006-11-06,,2007-02-06,United Financial Corp,UBMT US,US Bancorp,USB US,72.66,72.66,Stock,,Completed,,,Friendly,.6825 Aqr sh./Tgt sh.,734,0.6825,UBMT,USB,71147879.99999999,59607030000.00001
M&A,2003-11-12,,2004-01-13,HPSC Inc,HDR US,General Electric Co,GE US,72.57,72.57,Stock,1.62,Completed,,,Friendly,.4610 Aqr sh./Tgt sh.,736,0.461,HDR,GE,61403250.0,315840259540.0
M&A,2009-08-03,,2009-12-03,Patriot Capital Funding Inc,PCAP US,Prospect Capital Corp,PSEC US,72.49,72.49,Stock,,Completed,,,Friendly,.3640 Aqr sh./Tgt sh.,737,0.364,PCAP,PSEC,80242330.0,353920860.00000006
M&A,2004-02-02,,2004-07-20,Equity Oil Co,EQTY US,Whiting Petroleum Corp,WLL US,70.32,44.1,Stock,5.23,Completed,,,Friendly,.1850 Aqr sh./Tgt sh.,738,0.185,EQTY,WLL,43789200.00000001,371949300.00000006
M&A,2023-10-26,,2024-04-02,Capstar Financial Holdings Inc,CSTR US,Old National Bancorp/IN,ONB US,69.23,341.86,Stock,,Completed,,,Friendly,1.1550 Aqr sh./Tgt sh.,740,1.155,CSTR,ONB,312551800.0,3982095460.0
M&A,2010-09-27,,2010-10-13,Dover Motorsports Inc,DVD US,Dover Downs Gaming & Entertainment Inc,DDE US,67.74,31.35,Stock,8.7,Terminated,,,Friendly,.5010 Aqr sh./Tgt sh.,746,0.501,DVD,DDE,33136739.200000003,53478540.0
M&A,2004-09-20,,2005-01-19,Obie Media Corp,OBIE US,Lamar Advertising Co,LAMR US,67.15,42.87,Stock,16.08,Completed,,,Friendly,.1665 Aqr sh./Tgt sh.,749,0.1665,OBIE,LAMR,40566760.0,3678422880.0000005
M&A,2023-06-16,,2023-09-11,Surface Oncology Inc,SURF US,Coherus Biosciences Inc,CHRS US,66.9,116.72,Stock,,Completed,,,Friendly,.1960 Aqr sh./Tgt sh.,751,0.196,SURF,CHRS,,
M&A,2005-02-28,,2005-08-04,NCRIC Group Inc,NCRI US,ProAssurance Corp,PRA US,66.46,66.67,Stock,,Completed,,,Friendly,.2500 Aqr sh./Tgt sh.,753,0.25,NCRI,PRA,69619300.0,1214220800.0
M&A,2015-06-29,,2016-01-04,Ameriana Bancorp,ASBI US,First Merchants Corp,FRME US,66.29,66.29,Stock,,Completed,,,Friendly,.9037 Aqr sh./Tgt sh.,754,0.9037,ASBI,FRME,64508700.0,934277500.0
M&A,2004-06-17,,2004-09-03,QRS Corp,QRSI US,Blue Yonder Group Inc,JDAS US,66.29,98.97,Stock,3.95,Terminated,,,Friendly,.5000 Aqr sh./Tgt sh.,755,0.5,QRSI,JDAS,99937530.0,368366680.0
M&A,2009-06-17,,2009-11-02,Beverly National Corp,BNV US,Danvers Bancorp Inc,DNBK US,62.87,62.87,Stock,,Completed,,,Friendly,1.6600 Aqr sh./Tgt sh.,767,1.66,BNV,DNBK,56396880.00000001,228248639.99999997
M&A,2009-05-29,,2009-10-02,CuraGen Corp,CRGN US,Celldex Therapeutics Inc,CLDX US,61.85,130.54,Stock,,Completed,,,Friendly,.2739 Aqr sh./Tgt sh.,770,0.2739,CRGN,CLDX,,
M&A,2005-12-01,,2006-04-03,Atlantic Realty Trust Inc,ATLRS US,Kimco Realty Corp,KIM US,61.72,61.72,Stock,,Completed,,,Friendly,.5680 Aqr sh./Tgt sh.,771,0.568,ATLRS,KIM,80145000.0,7238995400.0
M&A,2021-12-13,,2022-02-24,Nuverra Environmental Solutions Inc,NES US,Select Water Solutions Inc,WTTR US,56.34,25.05,Stock,,Completed,,,Friendly,.2551 Aqr sh./Tgt sh.,783,0.2551,NES,WTTR,29340100.000000004,564261130.0
M&A,2003-12-02,2004-06-07,2004-06-08,Hall Kinion & Associates Inc,HAKI US,Kforce Inc,KFRC US,55.11,46.96,Stock,46.71,Completed,,,Friendly,.4500 Aqr sh./Tgt sh.,785,0.45,HAKI,KFRC,55126680.0,242767000.0
M&A,2023-10-04,,2024-01-08,SomaLogic Inc,SLGC US,Standard BioTools Inc,LAB US,55.01,590.06,Stock,,Completed,,,Friendly,1.1100 Aqr sh./Tgt sh.,786,1.11,SLGC,LAB,426376119.99999994,166092300.0
M&A,2008-02-21,,2008-06-30,SYS,SYS US,Kratos Defense & Security Solutions Inc,KTOS US,52.94,50.44,Stock,26.38,Completed,,,Friendly,1.2582 Aqr sh./Tgt sh.,795,1.2582,SYS,KTOS,41710000.0,150098100.0
M&A,2009-05-27,,2009-12-17,Central Jersey Bancorp/Ocean Township NJ,CJBK US,OceanFirst Financial Corp,OCFC US,51.13,51.13,Stock,,Terminated,,,Friendly,.5000 Aqr sh./Tgt sh.,800,0.5,CJBK,OCFC,55891200.00000001,152522100.0
M&A,2014-05-15,2014-08-15,2014-08-15,Digital Cinema Destinations Corp,DCIN US,Carmike Cinemas Inc,CKEC US,49.8,40.65,Stock,60.8,Completed,,,Friendly,.1765 Aqr sh./Tgt sh.,803,0.1765,DCIN,CKEC,38955600.00000001,741248730.0
M&A,2009-12-28,,2010-12-13,First Chester County Corp,FCEC US,Tower Bancorp Inc,TOBC US,48.5,48.5,Stock,,Completed,,,Friendly,.3560 Aqr sh./Tgt sh.,806,0.356,FCEC,TOBC,56862079.99999999,157957520.00000003
M&A,2021-04-05,,2021-05-06,Bluegreen Vacations Corp,BXG US,Bluegreen Vacations Holding Co,BVH US,48.4,48.4,Stock,11.54,Completed,,,Friendly,.5100 Aqr sh./Tgt sh.,807,0.51,BXG,BVH,791525280.0,321229440.0
M&A,2022-09-20,,2022-12-01,Renovacor Inc,RCOR US,Rocket Pharmaceuticals Inc,RCKT US,47.8,47.8,Stock,,Completed,,,Friendly,.1763 Aqr sh./Tgt sh.,810,0.1763,RCOR,RCKT,35054039.99999999,828179220.0
M&A,2009-06-30,,2010-07-07,Pamrapo Bancorp Inc,PBCI US,BCB Bancorp Inc,BCBP US,46.03,46.03,Stock,,Completed,,,Friendly,1.0000 Aqr sh./Tgt sh.,814,1.0,PBCI,BCBP,46694560.00000001,48546780.0
M&A,2023-08-31,,2023-11-21,Acer Therapeutics Inc,ACER US,Zevra Therapeutics Inc,ZVRA US,45.73,15.01,Stock,,Completed,,,Friendly,.1210 Aqr sh./Tgt sh.,815,0.121,ACER,ZVRA,27888960.0,182559540.0
M&A,2005-06-21,,2005-10-07,Genaissance Pharmaceuticals Inc,GNSC US,Clinical Data Inc,CLDA US,44.2,42.95,Stock,,Completed,,,Friendly,.0650 Aqr sh./Tgt sh.,818,0.065,GNSC,CLDA,39938350.0,81659099.99999999
M&A,2020-12-10,,2021-03-22,Neos Therapeutics Inc,NEOS US,Aytu BioPharma Inc,AYTU US,37.77,6.57,Stock,,Completed,2,,Friendly,.1088 Aqr sh./Tgt sh.,840,0.1088,NEOS,AYTU,34431844.0,80340040.00000001
M&A,2003-10-22,2003-12-15,2004-03-29,NCO Portfolio Management Inc,NCPM US,Expert Global Solutions Inc/Georgia,NCOG US,37.2,37.2,Stock,5.03,Completed,,,Friendly,.3619 Aqr sh./Tgt sh.,842,0.3619,NCPM,NCOG,97068400.00000001,632466900.0
M&A,2024-01-04,,2024-03-01,FG Group Holdings Inc,FGH US,Fundamental Global Inc,FGF US,35.9,27.68,Stock,,Completed,,,Friendly,1.0000 Aqr sh./Tgt sh.,846,1.0,FGH,FGF,27394120.0,15415084.1
M&A,2020-02-11,,2020-06-29,Qumu Corp,QUMU US,Synacor Inc,SYNC US,34.61,34.61,Stock,,Terminated,2,,Friendly,1.6100 Aqr sh./Tgt sh.,849,1.61,QUMU,SYNC,29410010.0,54097380.0
M&A,2020-10-23,,2020-12-30,CONSOL Coal Resources LP,CCR US,Core Natural Resources Inc,CNR US,33.99,33.99,Stock,1.64,Completed,,,Friendly,.7300 Aqr sh./Tgt sh.,852,0.73,CCR,CNR,,
M&A,2011-07-27,,2011-11-28,Alliance Bankshares Corp,ABVA US,Eagle Bancorp Inc,EGBN US,30.46,30.46,Stock,,Terminated,,,Friendly,.4317 Aqr sh./Tgt sh.,863,0.4317,ABVA,EGBN,26822250.0,269549420.0
M&A,2016-05-24,,2016-09-14,Mines Management Inc,MGN US,Hecla Mining Co,HL US,30.19,30.59,Stock,,Completed,,,Friendly,.2218 Aqr sh./Tgt sh.,864,0.2218,MGN,HL,27857150.4,1557643780.0
M&A,2014-10-22,,2015-02-02,BTU International Inc,BTUI US,Amtech Systems Inc,ASYS US,29.29,31.92,Stock,,Completed,1.32,,Friendly,.3291 Aqr sh./Tgt sh.,869,0.3291,BTUI,ASYS,29679400.0,99939840.00000001
M&A,2018-11-12,,2019-02-14,iPass Inc,IPAS US,Pareteum Corp,TEUM US,28.27,29.59,Stock,,Completed,,,Friendly,1.1700 Aqr sh./Tgt sh.,872,1.17,IPAS,TEUM,,192630240.0
M&A,2012-08-02,,2013-01-11,Community Financial Corp/VA,CFFC US,City Holding Co,CHCO US,25.88,25.88,Stock,,Completed,,,Friendly,.1753 Aqr sh./Tgt sh.,881,0.1753,CFFC,CHCO,23991000.0,495021399.99999994
M&A,2016-11-02,,2017-05-19,American DG Energy Inc,ADGE US,Tecogen Inc,TGEN US,25.1,19.56,Stock,,Completed,,,Friendly,.0920 Aqr sh./Tgt sh.,886,0.092,ADGE,TGEN,15970528.399999999,82194000.0
M&A,2009-04-03,,2009-11-09,First Capital Bancorp Inc/VA,FCVA US,Eastern Virginia Bankshares Inc,EVBS US,24.87,24.87,Stock,,Terminated,,,Friendly,.9800 Aqr sh./Tgt sh.,888,0.98,FCVA,EVBS,,
M&A,2009-07-31,,2009-10-05,Frontier Financial Corp,FTBK US,SP Acquisition Holdings Inc,DSP US,24.23,24.23,Stock,,Terminated,,,Friendly,.0530 Aqr sh./Tgt sh.,892,0.053,FTBK,DSP,,
M&A,2004-08-10,,2004-11-02,Primus Knowledge Solutions Inc,PKSI US,Art Technology Group Inc,ARTG US,23.92,31.91,Stock,,Completed,,,Friendly,1.3558 Aqr sh./Tgt sh.,894,1.3558,PKSI,ARTG,22661300.0,58371520.00000001
M&A,2010-05-14,,2010-10-19,Catalytic Solutions Inc,CTS LN,CDTi Advanced Materials Inc,CDTI US,22.92,,Stock,,Completed,0.204,,Friendly,.0473 Aqr sh./Tgt sh.,900,0.0473,CTS,CDTI,,
M&A,2005-11-10,,2006-02-01,eCost.com Inc,ECST US,PFSweb Inc,PFSW US,21.38,27.68,Stock,,Completed,,,Friendly,1.0000 Aqr sh./Tgt sh.,907,1.0,ECST,PFSW,24679449.999999996,32438879.999999996
M&A,2024-05-31,,2024-09-30,Strong Global Entertainment Inc,SGE US,Fundamental Global Inc,FGF US,18.39,14.62,Stock,11.65,Completed,,,Friendly,1.5000 Aqr sh./Tgt sh.,924,1.5,SGE,FGF,,
M&A,2015-03-27,,2015-06-15,RevettMining Co Inc,RVM CN,Hecla Mining Co,HL US,15.04,13.56,Stock,,Completed,,,Friendly,.1622 Aqr sh./Tgt sh.,937,0.1622,RVM,HL,,
M&A,2003-11-26,,2004-01-23,Fotoball USA Inc,FUSA US,K2 Inc,KTO US,13.69,16.95,Stock,52.53,Completed,,,Friendly,.2757 Aqr sh./Tgt sh.,946,0.2757,FUSA,KTO,,
M&A,2023-05-24,,2023-08-24,Apexigen Inc,APGN US,Pyxis Oncology Inc,PYXS US,13.58,13.58,Stock,,Completed,,,Friendly,.1725 Aqr sh./Tgt sh.,949,0.1725,APGN,PYXS,12281178.0,118750725.0
M&A,2008-12-31,2009-06-18,2009-10-01,Abigail Adams National Bancorp Inc,AANB US,Premier Financial Bancorp Inc,PFBI US,11.74,11.74,Stock,,Completed,,,Friendly,.4461 Aqr sh./Tgt sh.,964,0.4461,AANB,PFBI,,
M&A,2012-05-29,,2013-02-20,BancTrust Financial Group Inc,BTFG US,Trustmark Corp,TRMK US,11.23,56.22,Stock,,Completed,,,Friendly,.1250 Aqr sh./Tgt sh.,969,0.125,BTFG,TRMK,53185280.0,1582233380.0
M&A,2023-09-21,,2023-12-29,Applied Molecular Transport Inc,AMTI US,Cyclo Therapeutics Inc,CYTH US,8.46,8.46,Stock,,Completed,,,Friendly,.1331 Aqr sh./Tgt sh.,987,0.1331,AMTI,CYTH,6892189.200000001,29734320.0
M&A,2005-03-21,,2005-07-20,IAC Search & Media Inc,ASKJ US,Match Group Inc,MTCH US,6.47,,Stock,0.08,Completed,,,Friendly,1.2668 Aqr sh./Tgt sh.,1000,1.2668,ASKJ,MTCH,1662364300.0,12497480.0
M&A,2008-10-28,,2009-05-29,Avalon Pharmaceuticals Inc,AVRX US,Clinical Data Inc,CLDA US,4.62,10.28,Stock,,Completed,,,Friendly,.0470 Aqr sh./Tgt sh.,1015,0.047,AVRX,CLDA,7667100.0,255165240.00000003
M&A,2019-12-18,,2020-04-03,Southwest Georgia Financial Corp,SGB US,First Bancshares Inc/The,FBMS US,,,Stock,,Completed,,,Friendly,1.0000 Aqr sh./Tgt sh.,1134,1.0,SGB,FBMS,86894470.80000001,654706480.0000001
M&A,2018-12-17,,2019-07-01,Fidelity Southern Corp,LION US,Ameris Bancorp,ABCB US,,,Stock,,Completed,,,Friendly,.8000 Aqr sh./Tgt sh.,1141,0.8,LION,ABCB,701285620.0,1527696479.9999998
M&A,2020-05-27,,2020-06-08,Vivaldi Opportunities Fund,VAM US,Angel Oak Financial Strategies Income Term Trust,FINS US,,,Stock,,Completed,,,Friendly,.6470 Aqr sh./Tgt sh.,1150,0.647,VAM,FINS,-61017840.00000001,192153600.0
M&A,2022-12-22,,2023-02-14,Westwater Resources Inc,WWR US,Idaho Strategic Resources Inc,IDR US,,,Stock,,Withdrawn,,,Unsolicited,.2353 Aqr sh./Tgt sh.,1164,0.2353,WWR,IDR,41577955.0,69442520.0
M&A,2024-08-12,,2024-12-11,Forza X1 Inc,FRZA US,Twin Vee PowerCats Co,VEEE US,,,Stock,,Completed,,,Friendly,.6117 Aqr sh./Tgt sh.,1170,0.6117,FRZA,VEEE,3992317.0,4561508.0
